Id_Hotel,Nama Hotel,Kategori Hotel,Klasifikasi Hotel,Alamat,Harga
1,THE TRANS LUXURY HOTEL,BINTANG 5,BUSSINESS HOTEL,JL. JENDERAL GATOT SUBROTO NO 289 BANDUNG KOTA BANDUNG,1125000
2,ARYADUTA BANDUNG,BINTANG 5,DOWN TOWN HOTEL,JL. SUMATERA NO. 51 BANDUNG INDONESIA,1125000
3,CROWNE PLAZA BANDUNG,BINTANG 5,CITY HOTEL,JL. LEMBONG NO.19 BANDUNG INDONESIA,1125000
4,PRAMA GRAND PREANGER BANDUNG,BINTANG 5,CITY HOTEL,JL. ASIA AFRIKA NO.81 BANDUNG,1125000
5,G.H UNIVERSAL,BINTANG 5,RESIDENTIAL HOTEL,JL.SETIABUDHI NO.376 BANDUNG,1125000
6,GRAND AQUILA BANDUNG,BINTANG 5,DOWN TOWN HOTEL,JL. DR. DJUNJUNAN NO. 116 PASTEUR BANDUNG JAWA BARAT,1125000
7,THE PAPANDAYAN,BINTANG 5,CITY HOTEL,JL. JENDERAT GATOT SUBROTO NO.83 MALABAR LENGKONG BANDUNG JAWA BARAT,1125000
8,PADMA HOTEL,BINTANG 5,RESORT HOTEL,JL. RANCA BENTANG 56-58 CIUMBULEUIT BANDUNG,1125000
9,INTERCONTINENTAL BANDUNG DAGO PAKAR,BINTANG 5,RESORT HOTEL,JL. RESOR DAGO PAKAR RAYA 2B DAGO ATAS BANDUNG,1125000
10,SHERATON BANDUNG HOTEL AND TOWER,BINTANG 5,RESORT HOTEL,JL. IR HAJI JUANDA NO 390 BANDUNG,1125000
11,HILTON BANDUNG,BINTANG 5,CITY HOTEL,JL. HOS TJOKROAMINOTO NO. 41-43 PASIR KALIKI BANDUNG,1125000
12,STAY GUARANTEE HOTEL,BINTANG 4,CITY HOTEL,JL. SUMATERA NO. 51 BANDUNG MERDEKA BANDUNG JAWA BARAT INDONESIA,875000
13,COURTYARD BY MARRIOTT BANDUNG DAGO,BINTANG 4,CITY HOTEL,JL. IR. H. JUANDA NO 31 - 33 BANDUNG WETAN 40116 BANDUNG INDONESIA,875000
14,GARDEN PERMATA HOTEL,BINTANG 4,DOWN TOWN HOTEL,JL. LEMAHNENDEUT NO 7 PASTEUR BANDUNG,875000
15,EL ROYALE HOTEL,BINTANG 4,CITY HOTEL,JL. MERDEKA NO. 2 BANDUNG JAWA BARAT,875000
16,ASTON PASTEUR,BINTANG 4,DOWN TOWN HOTEL,JL. DR. DJUNJUNAN 162 PASTEUR BANDUNG JAWA BARAT,875000
17,GRAND TJOKRO BANDUNG,BINTANG 4,DOWN TOWN HOTEL,JL. CIHAMPELAS NO. 211-217 BANDUNG JAWA BARAT,875000
18,ASTON TROPICANA,BINTANG 4,DOWN TOWN HOTEL,JL. CIHAMPELAS NO.125-129 BANDUNG JAWA BARAT,875000
19,THE 101 BANDUNG DAGO,BINTANG 4,DOWN TOWN HOTEL,JL. IR. H. JUANDA NO.3 BANDUNG JAWA BARAT,875000
20,WEST POINT HOTEL,BINTANG 4,CITY HOTEL,JL. GARUDA NO.63 BANDUNG JAWA BARAT,875000
21,THE VALLEY RESORT HOTEL,BINTANG 4,RESORT HOTEL,JL. LEMBAH PAKAR TIMUR NO. 28 DAGO BANDUNG,875000
22,HARRIS HOTEL & CONVENTIONS CIUMBULEUIT,BINTANG 4,RESORT HOTEL,JL. CIUMBULEUIT NO.50-58 BANDUNG JAWA BARAT,875000
23,THE JAYAKARTA,BINTANG 4,BOUTIQUE HOTEL,JL. IR. JUANDA NO.381 A BANDUNG,875000
24,GRAND PASUNDAN CONVENTION HOTEL,BINTANG 4,BUSSINESS HOTEL,JL. PETA NO.147-149 LINGKAR SELATAN BANDUNG,875000
25,SHAKTI HOTEL,BINTANG 4,CITY HOTEL,JL. SOEKARNO HATTA NO.735 GEDE BAGE BANDUNG,875000
26,ART DECO LUXURY HOTEL AND RESIDENCE,BINTANG 4,RESIDENTIAL HOTEL,JL. RANCABENTANG NO. 2A CIUMBULEUIT BANDUNG,875000
27,THE LUXTON BANDUNG,BINTANG 4,CITY HOTEL,JL. IR. H. JUANDA NO.18 BANDUNG JAWA BARAT,875000
28,HARRIS HOTEL & CONVENTIONS,BINTANG 4,DOWN TOWN HOTEL,JL. PETA NO.241 PASIR KOJA BANDUNG,875000
29,THE GREEN FOREST RESORT,BINTANG 4,RESORT HOTEL,JL. SERSAN BAJURI NO.102 CIHIDEUNG SETIABUDI BANDUNG,875000
30,GRAND ARSILIA HOTEL & CONVENTION,BINTANG 4,BUSSINESS HOTEL,JL. PELAJAR PEJUANG 45 NO. 123 LENGKONG BANDUNG,875000
31,GRAND SETIABUDI HOTEL,BINTANG 4,RESORT HOTEL,JL. SETIABUDHI NO.130-134 BANDUNG,875000
32,GALERI CIUMBULEUIT HOTEL,BINTANG 4,RESIDENTIAL HOTEL,JL. CIUMBULEUIT NO.42A BANDUNG,875000
33,MASON PINE HOTEL,BINTANG 4,CITY HOTEL,JL. RAYA PARAHYANGAN KM 1.8 CIPEUNDEUY PADALARANG BANDUNG,875000
34,BEST WESTERN PRIMER LA GRANDE,BINTANG 4,CITY HOTEL,JL. MERDEKA NO.25-29 SUMURBANDUNG BANDUNG,875000
35,HOLIDAY INN,BINTANG 4,DOWN TOWN HOTEL,JL. DR. DJUNJUNAN NO.96 PASTEUR BANDUNG JAWA BARAT,875000
36,THE GRANDIA HOTEL,BINTANG 4,DOWN TOWN HOTEL,JL. CIHAMPELAS NO.82 PASTEUR BANDUNG,875000
37,D PAVILJOEN HOTEL,BINTANG 4,CITY HOTEL,JL. R.E. MARTADINATA NO.68 BANDUNG,875000
38,GRAND PREANGER,BINTANG 4,CITY HOTEL,JL. ASIA AFRIKA NO. 81,875000
39,HOTEL HORISON BANDUNG,BINTANG 4,CITY HOTEL,JL. PELAJAR PEJUANG 45 NO. 121,875000
40,HYATT REGENCY BANDUNG,BINTANG 4,CITY HOTEL,JL. SUMATERA NO. 51,875000
41,SAVOY HOMAN,BINTANG 4,DOWN TOWN HOTEL,JL. ASIA AFRIKA NO. 112,875000
42,THE ARDJUNA BOUTIQUE HOTEL,BINTANG 4,BOUTIQUE HOTEL,JL. CIUMBULEUIT NO. 152,875000
43,TRAVELLO HOTEL,BINTANG 4,CITY HOTEL,JL. SETIABUDHI NO. 268 BANDUNG,875000
44,GRAND TEBU HOTEL,BINTANG 4,CITY HOTEL,JL. R.E MARTADINATA NO. 207 BANDUNG JAWA BARAT,875000
45,PRIME PARK HOTEL,BINTANG 4,CITY HOTEL,JL. MUSTOFA NO.47-57 BANDUNG,875000
46,REGATA HOTEL,BINTANG 4,DOWN TOWN HOTEL,JL. DR. SETIABUDHI NO. 35 BANDUNG,875000
47,MARBELLA HOTEL,BINTANG 4,CITY HOTEL,JL. SENTRA DAGO PAKAR DAGO BANDUNG,875000
48,THE MAJESTY HOTEL,BINTANG 4,CITY HOTEL,JL. SURYA SUMANTRI NO.91 BANDUNG,875000
49,ASTON BRAGA HOTEL AND RESIDENCE,BINTANG 4,RESIDENTIAL HOTEL,JL. BRAGA NO.99-101 BANDUNG,875000
50,ARION SWISS-BEL HOTEL,BINTANG 4,CITY HOTEL,JL. OTTO ISKANDARDINATA NO.16 BANDUNG,875000
51,HAY HOTEL BANDUNG,BINTANG 4,CITY HOTEL,JL. TRUNO JOYO NO. 19 BANDUNG,875000
52,SUMMER HIILLS PRIVATE VILLAS AND HOTEL,BINTANG 4,RESIDENTIAL HOTEL,JL. SETRASARI RAYA NO.10 BANDUNG,875000
53,FOX HARIIS CITY CENTER BANDUNG,BINTANG 4,CITY HOTEL,JL. JAWA NO. 3 SUMUR BANDUNG KOTA BANDUNG JAWA BARAT,875000
54,PARK VIEW HOTEL,BINTANG 4,CITY HOTEL,JL. SUKAJADI NO.153 BANDUNG,875000
55,GRAND MERCURE HOTEL,BINTANG 4,RESIDENTIAL HOTEL,JL. DR. SETIABUDI NO. 269 LEMBANG BANDUNG,875000
56,FOUR POINT HOTEL BY SHERATON,BINTANG 4,DOWN TOWN HOTEL,JL IR. H JUANDA NO 46 DAGO BANDUNG,875000
57,NOVOTEL BANDUNG,BINTANG 4,CITY HOTEL,JL.CIHAMPELAS NO 23 25 CIPAGANTI BANDUNG,875000
58,SENSA HOTEL,BINTANG 4,CITY HOTEL,JL. CIHAMPELAS 160 CIHAMPELAS BANDUNG,875000
59,SANDALWOOD HOTEL,BINTANG 4,BOUTIQE HOTEL,JL. SESKOAU NO. 1 LEMBANG BANDUNG,875000
60,NOVENA HOTEL,BINTANG 3,RESIDENTIAL HOTEL,JL. RAYA LEMBANG NO.2 LEMBANG BANDUNG JAWA BARAT,690000
61,V HOTEL,BINTANG 3,RESIDENTIAL HOTEL,JL. TERUSAN SUTAMI III NO. 1 PASTEUR BANDUNG JAWA BARAT,690000
62,YELLO HOTEL PASKAL BANDUNG,BINTANG 3,DOWN TOWN HOTEL,JL. PASAR KALIKI NO. 25 PASIR KALIKI BANDUNG JAWA BARAT,690000
63,BALI WORLD HOTEL,BINTANG 3,CITY HOTEL,JL. SOEKARNO HATTA NO.713 BY-PASS TIMUR SOEKARNO HATTA BYPASS BANDUNG,690000
64,DAGO HIGHLAND RESORT,BINTANG 3,RESORT HOTEL,JL. BUKIT PAKAR TIMUR IV NO.88 DAGO BANDUNG,690000
65,FAVE HOTEL,BINTANG 3,DOWN TOWN HOTEL,JL. PASIR KALIKI NO.25-27 BANDUNG,690000
66,GRAND CORDELA HOTEL,BINTANG 3,CITY HOTEL,JL. SOEKARNO HATTA NO. 791 B BANDUNG,690000
67,ZEST HOTEL,BINTANG 3,CITY HOTEL,JL. SUKAJADI NO.16 BANDUNG,690000
68,GRAND SOVIA HOTEL,BINTANG 3,CITY HOTEL,JL. KEBON KAWUNG NO.16 BANDUNG,690000
69,METRO INDAH BANDUNG HOTEL,BINTANG 3,DOWN TOWN HOTEL,JL. SOEKARNO HATTA NO.590 BANDUNG JAWA BARAT,690000
70,BTC HOTEL,BINTANG 3,DOWN TOWN HOTEL,JL. DR. DJUNJUNAN 143-149 PASTEUR BANDUNG,690000
71,DBEST HOTEL SOFIA DAGO,BINTANG 3,RESIDENTIAL HOTEL,JL. TEUKU ANGKASA NO.27 BANDUNG JAWA BARAT,690000
72,MUTIARA HOTEL BANDUNG,BINTANG 3,CITY HOTEL,JL. KEBON KAWUNG NO.60 BANDUNG JAWA BARAT,690000
73,GRAND PARADISE HOTEL,BINTANG 3,RESORT HOTEL,JL.RAYA TANGKUBAN PERAHU NO.50LEMBANGBANDUNG,690000
74,GRAND HOTEL LEMBANG,BINTANG 3,RESORT HOTEL,JL. RAYA LEMBANG NO.272 LEMBANG BANDUNG,690000
75,THE SUMMIT SILIWANGI HOTEL,BINTANG 3,CITY HOTEL,JL. SERAM NO.5 RIAU BANDUNG,690000
76,D'BEST HOTEL PASAR BARU,BINTANG 3,DOWN TOWN HOTEL,JL. OTO ISKANDARDINATA NO.460 ASTANA ANYAR BANDUNG,690000
77,HOTEL NALENDRA BANDUNG,BINTANG 3,DOWN TOWN HOTEL,JL.CIHAMPELAS NO.225-2229 BANDUNG,690000
78,PANORAMA LEMBANG HOTEL,BINTANG 3,RESORT HOTEL,JL. TANGKUBAN PERAHU NO. 29 LEMBANG BANDUNG,690000
79,NEO DIPATIUKUR BANDUNG,BINTANG 3,CITY HOTEL,JL. DIPATIUKUR NO.72-74 BANDUNG JAWA BARAT,690000
80,KEDATON HOTEL BANDUNG,BINTANG 3,CITY HOTEL,JL. SUNIARAJA NO.14 BANDUNG,690000
81,GEARY HOTEL BANDUNG,BINTANG 3,CITY HOTEL,JL. KEBON KAWUNG NO. 12 PASIR KALIKI BANDUNG JAWA BARAT,690000
82,HOTEL PESONA BAMBOE,BINTANG 3,RESORT HOTEL,JL. RAYA LEMBANG NO. 227 LEMBANG BANDUNG,690000
83,IBIS STYLES BANDUNG BRAGA,BINTANG 3,CITY HOTEL,JL. BRAGA NO. 8 BANDUNG,690000
84,ARDAN HOTEL,BINTANG 3,CITY HOTEL,JL. SEDERHANA NO.8-10 SUKAJADI BANDUNG,690000
85,HOUSE OF SANGKURIANG,BINTANG 3,GUEST HOUSE,JL. SANGKURIANG NO.1 BANDUNG,690000
86,IBIS BANDUNG PASTEUR,BINTANG 3,CITY HOTEL,JL. DOKTER DJUNJUNAN NO. 22 PASTEUR BANDUNG,690000
87,HOTEL CEMERLANG,BINTANG 3,CITY HOTEL,JL. HOS TJOKROAMINOTO NO.45 PASIR KALIKI BANDUNG,690000
88,EL CAVANA HOTEL,BINTANG 3,DOWN TOWN HOTEL,JL. STASIUN BARAT NO.25-27 BANDUNG JAWA BARAT,690000
89,HOTEL MITRA BANDUNG,BINTANG 3,CITY HOTEL,JL. WR. SUPRATMAN NO.98 BANDUNG,690000
90,THE NEWTON HOTEL BANDUNG,BINTANG 3,CITY HOTEL,JL. RE. MARTATADINATA NO.223-227 BANDUNG,690000
91,PROMENADE HOTEL,BINTANG 3,DOWN TOWN HOTEL,JL. CIHAMPELAS NO. 119-121 CIHAMPELAS,690000
92,DE RAIN BANDUNG MANAGED BY DAFAM,BINTANG 3,CITY HOTEL,JL. LENGKONG KECIL NO.76-80 PALEDANG LENGKONG BANDUNG,690000
93,NEW SANY ROSA HOTEL,BINTANG 3,RESIDENTIAL HOTEL,JL. HEGARMANAH NO.2A CIUMBULEUIT BANDUNG,690000
94,PATRA COMFORT BANDUNG,BINTANG 3,CITY HOTEL,JL. IR. H. JUANDA NO.132 BANDUNG,690000
95,THE CIPAKU GARDEN HOTEL,BINTANG 3,RESIDENTIAL HOTEL,JL. CIPAKU INDAH X NO. 2-4 SETIABUDI BANDUNG,690000
96,SHEO HOTEL,BINTANG 3,CITY HOTEL,JL. CIUMBULEUIT NO.152 BANDUNG JAWA BARAT,690000
97,HOTEL DAFAM RIO,BINTANG 3,CITY HOTEL,JL. L.L.R.E MARTADINATA NO. 160 RIAU BANDUNG,690000
98,MOSCATO HOTEL &CAF,BINTANG 3,CITY HOTEL,JL. RAYA LEMBANG NO.11 BANDUNG,690000
99,PASAR BARU SQUARE HOTEL BANDUNG,BINTANG 3,DOWN TOWN HOTEL,JL. OTTO ISKANDARDINATA NO.81-89 BANDUNG,690000
100,GRAND VIVEANA HOTEL,BINTANG 3,CITY HOTEL,JL. PADJAJARAN NO. 73 CICENDO BANDUNG,690000
101,KEMBANG HOTEL,BINTANG 3,DOWN TOWN HOTEL,JL. CIHAMPELAS NO. 100 SUKAJADI 40011 BANDUNG,690000
102,EXECELLENT SEVEN HOTEL,BINTANG 3,CITY HOTEL,JL. DR. ERLICH NO. 7. DR.OTTEN-PASTURE KOTA BANDUNG,690000
103,VIO HOTEL CIMANUK,BINTANG 3,CITY HOTEL,JL. CIMANUK NO.15 CITARUM BANDUNG WETAN KOTA BANDUNG JAWA BARAT,690000
104,SUKAJADI HOTEL,BINTANG 3,CITY HOTEL,JL. SUKAJADI NO.176 SUKAJADI BANDUNG JAWA BARAT,690000
105,CINNAMON HOTEL BOUTIQUE SYARIAH,BINTANG 3,BOUTIQE HOTEL,JL. SETIABUDHI NO. 300 BANDUNG,690000
106,HORISON KARANG SETRA RESORTS BANDUNG,BINTANG 3,RESORT HOTEL,JL. BUNGUR NO. 2 SUKAJADI BANDUNG,690000
107,SAPADIA GUEST HOUSE,BINTANG 3,GUEST HOUSE,JL. MUNDING LAYA NO.2 CIKAPAYANG COBLONG BANDUNG,690000
108,VERONA PALACE HOTEL,BINTANG 3,CITY HOTEL,JL. SURYA SUMANTRI 36 BANDUNG,690000
109,HOTEL NYLAND PASTEUR,BINTANG 3,DOWN TOWN HOTEL,JL. DR. DJUNDJUNAN NO.125 (TERUSAN PASTEUR) BANDUNG,690000
110,RED DOORZ TALAGA BODAS,BINTANG 3,CITY HOTEL,"JL. TALAGA BODAS NO. 6-8Â  LENGKONG
  BANDUNG",690000
111,NAMIN DAGO HOTEL,BINTANG 3,RESIDENTIAL HOTEL,JL.HASANUDIN NO.10 DAGO BANDUNG JAWA BARAT,690000
112,HOTEL LINGGA BANDUNG,BINTANG 3,CITY HOTEL,JL. SOEKARNO HATTA NO.464 SOEKARNO HATTA BYPASS BANDUNG,690000
113,FABU HOTEL BANDUNG,BINTANG 3,CITY HOTEL,JL. KEBON JATI NO.32 BANDUNG,690000
114,RED DOORZ TSM,BINTANG 3,CITY HOTEL,JL. SALEDRI NO.18 LINGKAR SELATAN BANDUNG,690000
115,ANGGREK GANDASARI HOTEL,BINTANG 3,CITY HOTEL,JL. SERAM NO.3 BANDUNG JAWA BARAT,690000
116,BUMI BANDHAWA HOTEL,BINTANG 3,RESIDENTIAL HOTEL,JL. KONSTITUSI 1/16 CIGADUNG DAGO BANDUNG,690000
117,D'SOVIA HOTEL,BINTANG 3,CITY HOTEL,JL. GARDU JATI NO. 81 - 83 BANDUNG,690000
118,THE PALAIS DAGO HOTEL,BINTANG 3,RESIDENTIAL HOTEL,JL. IR. H. JUANDA NO.90 DAGO BANDUNG,690000
119,RED DOORZ BABAKAN JERUK,BINTANG 3,CITY HOTEL,JL. BABAKAN JERUK I NO. 10 SUKAGALIH SUKAJADI BANDUNG,690000
120,AHADIAT HOTEL & BUNGALOW,BINTANG 3,RESORT HOTEL,JL. SINDANG SIRNA ELOK (PROF.SUTAMI) NO. 9 SETRASASI SUKAJADI BANDUNG,690000
121,D'BATOE BOUTIQE HOTEL,BINTANG 3,BOUTIQE HOTEL,JL. PASIR KALIKI 78 BANDUNG,690000
122,SCARLET DAGO HOTEL,BINTANG 3,RESIDENTIAL HOTEL,JL. SILIWANGI NO.5 DAGO BANDUNG,690000
123,THE SILK HOTEL BANDUNG,BINTANG 3,RESIDENTIAL HOTEL,JL. IR. H. JUANDA NO. 392 DAGO BANDUNG,690000
124,THE SUITES BY EMJI GROUP,BINTANG 3,CITY HOTEL,JL. SOEKARNO HATTA NO 698 BUAH BATU BANDUNG,690000
125,U VILLAGE HOTEL,BINTANG 3,RESORT HOTEL,JL. BUKIT TUNGGUL NO. 8 CIUMBULEUIT BANDUNG,690000
126,VILLA DAGO HOTEL SYARIAH,BINTANG 3,GUEST HOUSE,JL. MAWAR 2 NO. 42A DAGO ATAS BANDUNG,690000
127,HOLAMIGOS,BINTANG 3,GUEST HOUSE,JL. AHMAD YANI NO. 669 PADASUKA,690000
128,THE BATIK BED & COFFEE,BINTANG 3,CITY HOTEL,JL. SRIWIJAYA NO. 121 BANDUNG,690000
129,ASMILA BOUTIQE,BINTANG 3,BOUTIQE HOTEL,JL. DR. SETIABUDHI NO. 54 SETIABUDI BANDUNG,690000
130,HOTEL UTARI DAGO,BINTANG 3,RESIDENTIAL HOTEL,JL. IR. H JUANDA NO. 50 DAGO COBLONG BANDUNG,690000
131,DAILY HOME APARTMENT,BINTANG 3,APARTMENT,JL. SETIABUDI NO. 130-134 SETIABUDI BANDUNG,690000
132,HOTEL BILIQUE,BINTANG 3,RESIDENTIAL HOTEL,JL. SERSAN BAJURI NO. 100,690000
133,TOPAS GALLERY,BINTANG 3,DOWN TOWN HOTEL,JL. DR. DJUNDJUNAN NO. 153,690000
134,HOTEL TRIO,BINTANG 3,CITY HOTEL,JL. GARDUJATI NO. 55-61,690000
135,HOTEL SUKAJADI,BINTANG 3,DOWN TOWN HOTEL,JL. SUKAJADI NO. 176,690000
136,HOTEL MUTIARA,BINTANG 3,CITY HOTEL,JL. KEBON KAWUNG NO. 60,690000
137,NALENDRA,BINTANG 3,DOWN TOWN HOTEL,JL. CIHAMPELAS NO. 227-229,690000
138,CIPAKU GARDEN HOTEL,BINTANG 3,RESORT HOTEL,JL.CIPAKU XI NO. 2,690000
139,GRAND SERELA,BINTANG 3,CITY HOTEL,JL. R.E. MARTADINATA NO. 56,690000
140,HOTEL GUCI,BINTANG 3,CITY HOTEL,JL. PASIR KALIKI NO. 53-55,690000
141,INTERNATIONAL IMPERIUM,BINTANG 3,DOWN TOWN HOTEL,JL. DR. RUM NO. 30-32,690000
142,HOTEL KEDATON,BINTANG 3,CITY HOTEL,JL. SUNIARAJA NO. 14,690000
143,NEW NARIPAN,BINTANG 3,CITY HOTEL,JL. NARIPAN NO. 31-35,690000
144,HOTEL PERDANA WISATA,BINTANG 3,CITY HOTEL,JL. JEND. SUDIRMAN NO. 66-68,690000
145,SANTIKA,BINTANG 3,CITY HOTEL,JL. SUMATERA NO. 52-54,690000
146,HOTEL IBIS TSM,BINTANG 3,CITY HOTEL,JL. GATOT SUBROTO NO. 289,690000
147,THE GUESTHOUSE CIPEDES,BINTANG 3,GUEST HOUSE,JL. CIPEDES ATAS NO. 86B BANDUNG,690000
148,OBC GUEST HOUSE,BINTANG 3,GUEST HOUSE,JL. RANCABENTANG 1 NO.3A CIUMBULEUIT BANDUNG,690000
149,SWEET KARINA HOTEL,BINTANG 3,CITY HOTEL,JL. TERUSAN BABAKAN JERUK IV NO.38 BANDUNG JAWA BARAT,690000
150,CASSADUA HOTEL,BINTANG 3,CITY HOTEL,JL. CASSA NO.2 PASTEUR BANDUNG,690000
151,NARAYA HOUSE,BINTANG 3,CITY HOTEL,JL. KH. AHMAD DAHLAN NO. 20 LENGKONG BANDUNG JAWA BARAT,690000
152,OTTEN INN,BINTANG 3,CITY HOTEL,JL. DR. OTTEN NO. 28 PASTEUR BANDUNG JAWA BARAT,690000
153,CATELLYA GUEST HOUSE,BINTANG 3,GUEST HOUSE,JL. CIPAKU INDAH III NO. 11 SETIABUDHI BANDUNG,690000
154,DE BEVERLY DAGO APARTMENT,BINTANG 3,APARTMENT,JL. SANGKURIANG NO. 15 BANDUNG JAWA BARAT,690000
155,RED DOORZ APARTMENT,BINTANG 3,APARTMENT,JL. SOEKARNO HATTA NO. 689B BANDUNG 40286 JAWA BARAT,690000
156,RED DOORZ GEDUNG SATE,BINTANG 3,CITY HOTEL,JL. ARIA JIPANG NO. 6 CITARUM BANDUNG,690000
157,RED DOORZ PASTEUR,BINTANG 3,DOWN TOWN HOTEL,"JL. PDAM NO.7 SUKAMULYA PASTEUR 40162Â 
  BANDUNG",690000
158,POP HOTEL BANDUNG FESTIVAL CITY LINK,BINTANG 2,CITY HOTEL,JL. PETA 241 PASIR KOJA BANDUNG,410000
159,TAMANSARI PANORAMIC,BINTANG 2,CITY HOTEL,JL. SOEKARNO HATTA NO. 783A BANDUNG,410000
160,VIO CIHAMPELAS,BINTANG 2,DOWN TOWN HOTEL,JL. CIHAMPELAS NO. 108 BANDUNG JAWA BARAT,410000
161,ALAM PERMAI,BINTANG 2,CITY HOTEL,JL. DR. SETIABUDI NO. 432,410000
162,BUMI ASIH,BINTANG 2,CITY HOTEL,JL. CILAMAYA NO. 1,410000
163,DE'QUR,BINTANG 2,CITY HOTEL,JL. DIPATIUKUR NO. 27,410000
164,HOTEL KING GARDEN,BINTANG 2,CITY HOTEL,JL. GARDUJATI NO. 81-83,410000
165,ROYAL PALACE,BINTANG 2,CITY HOTEL,JL. LEMBONG NO. 21,410000
166,HOTEL CITRADREAM BANDUNG,BINTANG 2,CITY HOTEL,JL PASIR KALIKI NO 36-42 BANDUNG,410000
167,AMARIS HOTEL CIHAMPELAS,BINTANG 2,DOWN TOWN HOTEL,JL. CIHAMPELAS NO.171 BANDUNG,410000
168,HOTEL AUGUSTA VALLEY,BINTANG 2,RESIDENTIAL HOTEL,JL. CIPAKU NO. 19 SETIABUDI BANDUNG,410000
169,RED DOORZ WASTU KENCANA,BINTANG 2,CITY HOTEL,JL. LINGGAWASTU NO. 3 BANDUNG WETAN TAMAN SARI JAWA BARAT,410000
170,RED DOORZ PLUS,BINTANG 2,DOWN TOWN HOTEL,JL. CIHAMPELAS NO. 179 CIHAMPELAS BANDUNG,410000
171,HOTEL GHOTIC,BINTANG 2,CITY HOTEL,JL.SOEKARNO HATTA NO.534 BANDUNG,410000
172,HOTEL 88 KOPO BANDUNG,BINTANG 2,CITY HOTEL,JL. KOPO CIRANGRANG NO. 459 BANDUNG,410000
173,GRAHA CIUMBULEUIT GUEST HOUSE,BINTANG 2,GUEST HOUSE,JL. CIUMBULEUIT NO.156 BANDUNG,410000
174,HOTEL AUGUSTA SURAPATI,BINTANG 2,CITY HOTEL,JL. SURAPATI NO.203 BANDUNG,410000
175,HOTEL SERENA BANDUNG,BINTANG 2,CITY HOTEL,JL. MARJUK NO.4-6 KEBON KAWUNG BANDUNG,410000
176,NAVAL HOTEL,BINTANG 2,CITY HOTEL,JL. SUKAJADI NO.180 SUKAJADI BANDUNG,410000
177,AMIRA HOTEL,BINTANG 2,CITY HOTEL,JL. DANGDEUR INDAH NO.20 BANDUNG,410000
178,HOTEL CITARUM,BINTANG 2,CITY HOTEL,JL. CITARUM NO. 16 BANDUNG,410000
179,HOTEL HARAPAN INDAH,BINTANG 2,CITY HOTEL,JL. GATOT SUBROTO NO. 45 B LENGKONG BANDUNG,410000
180,BUKIT DAGO HOTEL,BINTANG 2,RESIDENTIAL HOTEL,JL. IR. H. JUANDA NO. 311 DAGO BANDUNG JAWA BARAT,410000
181,HOTEL RIAU BANDUNG,BINTANG 2,CITY HOTEL,JL. RE MARTADINATA NO. 191 RIAU BANDUNG,410000
182,VIO HOTEL PASTEUR,BINTANG 2,DOWN TOWN HOTEL,JL. DR. DJUNJUNAN PASTEUR NO. 154 BANDUNG,410000
183,LOTUS HOTEL,BINTANG 2,CITY HOTEL,JL. TUBAGUS ISMAIL VIII NO.45 DAGO BANDUNG,410000
184,HOTEL CARYOTA,BINTANG 2,CITY HOTEL,JL. SUKAJADI NO.169 SUKAJADI BANDUNG,410000
185,RED DOORZ CIPAKU,BINTANG 2,RESIDENTIAL HOTEL,JL. CIPAKU INDAH III NO. 11 LEDENG SETIABUDI BANDUNG,410000
186,RUBY HOTEL SYARIAH,BINTANG 2,CITY HOTEL,JL. DR. RUBINI NO. 4 PASIR KALIKI BANDUNG,410000
187,WIRTON DAGO HOTEL,BINTANG 2,RESIDENTIAL HOTEL,"JL. IR. H. DJUANDA NO. 395 DAGOÂ 
  BANDUNG JAWA BARAT",410000
188,RED DOORZ CIBOGO BAWAH,BINTANG 2,RESIDENTIAL HOTEL,JL. CIBOGO BAWAH 23-25 BANDUNG PASTEUR,410000
189,BANTAL GULING ASIA AFRIKA,BINTANG 2,GUEST HOUSE,JL. KAUTAMAAN ISTRI NO.30B BANDUNG,410000
190,HOTEL CIHAMPELAS,BINTANG 2,DOWN TOWN HOTEL,JL. CIHAMPELAS NO.179 CIHAMPELAS BANDUNG JAWA BARAT,410000
191,ARIANDRI RESIDENCE,BINTANG 2,CITY HOTEL,JL. CILAKI NO.31 BANDUNG,410000
192,MINE HOME HOTEL,BINTANG 2,CITY HOTEL,JL. MARJUK NO.9 KEBON KAWUNG BANDUNG,410000
193,VIO HOTEL SURAPATI,BINTANG 2,CITY HOTEL,JL. SURAPATI NO. 15 BANDUNG,410000
194,HOTEL S3 SETRASARI,BINTANG 2,CITY HOTEL,JL. SURYA SUMANTRI KAV. 10 D BANDUNG,410000
195,TRIPLE SEVEN HOTEL,BINTANG 2,DOWN TOWN HOTEL,JL. PESANTREN WETAN NO. 20 PANDU-PADJAJARAN BANDUNG,410000
196,BALI INDAH HOTEL,BINTANG 2,CITY HOTEL,JL. BKR NO. 75 LINGKAR SELATAN BANDUNG,410000
197,GRAND AMELLIA HOTEL,BINTANG 2,RESIDENTIAL HOTEL,JL. CIJEROKASO NO. 124 GEGER KALONG HILIR BANDUNG JAWA BARAT,410000
198,LATIEF INN HOTEL,BINTANG 2,CITY HOTEL,JL. NATUNA NO.16 BANDUNG,410000
199,BANTAL GULING ALUN ALUN BANDUNG,BINTANG 2,CITY HOTEL,JL. MOH. TOHA NO. 42 BANDUNG JAWA BARAT,410000
200,HOTEL CIHAMPELAS 2,BINTANG 2,DOWN TOWN HOTEL,JL. CIHAMPELAS NO. 222,410000
201,AMARIS HOTEL CIMANUK,BINTANG 2,CITY HOTEL,JL. CIMANUK NO.14 BANDUNG,410000
202,DPALMA HOTEL,BINTANG 2,CITY HOTEL,JL. JEND. GATOT SUBROTO NO. 41 LENGKONG BANDUNG,410000
203,D'RIVER GUEST HOUSE,BINTANG 2,GUEST HOUSE,JL CIHAMPELAS 294 CIHAMPELAS BANDUNG,410000
204,SAWUNGGALING HOTEL,BINTANG 2,CITY HOTEL,JL. SAWUNGGALING NO.13 BANDUNG JAWA BARAT,410000
205,CORSICA HOTEL,BINTANG 2,CITY HOTEL,JL. SUPRATMAN NO. 43A BANDUNG WETAN BANDUNG,410000
206,POIN PHILA,BINTANG 2,DOWN TOWN HOTEL,JL. CIHAMPELAS NO.12 CIHAMPELAS BANDUNG JAWA BARAT,410000
207,HYPER INN,BINTANG 2,CITY HOTEL,JL. PASIR KALIKI RUKO HYPERSQUARE BLOK D 29 - 32 BANDUNG,410000
208,HOTEL ARIMBI DESTIK,BINTANG 2,CITY HOTEL,JL. DEWI SARTIKA NO. 108 A REGOL LENGKONG BANDUNG,410000
209,FLORES GALLERY HOTEL,BINTANG 2,CITY HOTEL,JL. FLORES NO. 7 RIAU BANDUNG,410000
210,DE'KAYA KINI HOTEL,BINTANG 2,CITY HOTEL,JL. CIPAMOKOLAN KOMP. RANCALOA REGENCY II NO.7 RIUNG BANDUNG BANDUNG,410000
211,WISMA DAGO 22,BINTANG 2,GUEST HOUSE,JL. DAGO POJOK NO. 22B DAGO BANDUNG JAWA BARAT,410000
212,RED DOORZ PLUS RUMAH MODE,BINTANG 2,DOWN TOWN HOTEL,JL. CIPAGANTI NO.150-152 CIPAGANTI BANDUNG,410000
213,ROYAL MERDEKA,BINTANG 2,CITY HOTEL,JL. MERDEKA NO. 34,410000
214,MALEO KOSTEL,BINTANG 2,CITY HOTEL,"JL. DANGDEUR INDAH II NO.4&15 SURYA SUMANTRI PASTEUR BANDUNG JAWA
  BARAT",410000
215,AMELLIA HOTEL PASTEUR,BINTANG 2,RESIDENTIAL HOTEL,JL. CIBOGO NO.81 SUKAWARNA SUKAJADI KOTA BANDUNG JAWA BARAT,410000
216,CT 195,BINTANG 2,GUEST HOUSE,JL. CIPEDES TENGAH NO. 195 SUKAJADI BANDUNG,410000
217,HOTEL UNIK BANDUNG,BINTANG 2,CITY HOTEL,JL. H. AKBAR NO.12 KEBON KAWUNG BANDUNG,410000
218,THE FELI HOTEL,BINTANG 2,CITY HOTEL,JL. BUAH BATU NO. 152 BANDUNG,410000
219,KALIMASADA HOTEL,BINTANG 2,CITY HOTEL,JL. KALIMANTAN NO.5 SUMUR BANDUNG BANDUNG,410000
220,ALQUEBY HOTEL,BINTANG 2,CITY HOTEL,JL. TERUSAN JAKARTA UTARA NO.7 BANDUNG,410000
221,SUTAN RAJA GUEST HOUSE,BINTANG 2,GUEST HOUSE,JL. TALAGA BODAS NO.66 BANDUNG,410000
222,BANTAL GULING GUEST HOUSE GATSU,BINTANG 2,GUEST HOUSE,JL.GATOT SUBROTO 194 BANDUNG BANDUNG CITY CENTER BANDUNG,410000
223,PONDOK AYUNI,BINTANG 2,GUEST HOUSE,JL. TERUSAN SARIRASA NO.2A SARIJADI SUKASARI PASTEUR BANDUNG JAWA BARAT,410000
224,WISMA DAGO 11,BINTANG 2,GUEST HOUSE,JL. DAGO POJOK NO. 11B BANDUNG JAWA BARAT,410000
225,HOTEL ASTRIA GRAHA,BINTANG 2,CITY HOTEL,JL. DALEM KAUM NO. 130A BANDUNG,410000
226,KARTIKA HOTEL,BINTANG 2,CITY HOTEL,JL. L. L. R. E. MARTADINATA NO. 144 A RIAU BANDUNG JAWA BARAT,410000
227,DANOUFA HOTEL,BINTANG 2,CITY HOTEL,JL. TITIRAN NO.17 SADANG SERANG COBLONG BANDUNG,410000
228,THE POSTER HOTEL MICE,BINTANG 2,BUSSINESS HOTEL,JL. PHH MUSTOFA NO. 33 A BANDUNG,410000
229,ARIANDRI BOUTIQUE GUEST HOUSE,BINTANG 2,GUEST HOUSE,JL. SUKAKARYA NO.15 SURYA SUMANTRI BANDUNG,410000
230,BALTIKA HOTEL,BINTANG 2,CITY HOTEL,JL. GATOT SUBROTO NO. 38 MALABAR LENGKONG BANDUNG JAWA BARAT,410000
231,HOTEL ENDAH PARAHYANGAN,BINTANG 2,CITY HOTEL,JL. RAYA CIBEUREUM NO.14 BANDUNG JAWA BARAT,410000
232,THE EIGHT HOTEL,BINTANG 2,CITY HOTEL,JL. SALENDRO UTARA NO.1 KEL. TURANGGA BANDUNG JAWA BARAT,410000
233,ILOS HOTEL,BINTANG 2,CITY HOTEL,JL. BABAKAN JERUK III NO.37-39 PASTEUR BANDUNG,410000
234,NEW MOONLIGHT HOTEL,BINTANG 2,CITY HOTEL,JL. TERUSAN PASIR KOJA NO. 24-26 BANDUNG,410000
235,EVE HOTEL,BINTANG 2,CITY HOTEL,JL MEKARSARI NO 2 CIBADUYUT BANDUNG JAWA BARAT,410000
236,HOTEL MONTAMERI,BINTANG 2,CITY HOTEL,JL. PEJUANG 45 NO. 77 BANDUNG JAWA BARAT,410000
237,UNIQUE GUEST HOUSE,BINTANG 2,GUEST HOUSE,JL. ENCES AJIS 34 (GARDU JATI) PASIR KALIKI BANDUNG JAWA BARAT,410000
238,SCARLET BUKIT PAKAR HOTEL,BINTANG 2,RESIDENTIAL HOTEL,JL. BUKIT PAKAR TIMUR I NO. 148 A DESA CIBURIAL DAGO ATAS BANDUNG,410000
239,RED DOORZ PLUS CASSA,BINTANG 2,CITY HOTEL,JL. CASSA NO. 2 SUKAWARNA SUKAJADI BANDUNG JAWA BARAT,410000
240,SETRA PRIANGAN GUEST HOUSE,BINTANG 2,GUEST HOUSE,JL. SETRA INDAH UTARA II NO.17 BANDUNG JAWA BARAT,410000
241,WISMA GANDAPURA,BINTANG 2,GUEST HOUSE,JL. R.E MARTADINATA NO. 120 SUMURBANDUNG BANDUNG JAWA BARAT,410000
242,RED DOORZ PVJ,BINTANG 2,DOWN TOWN HOTEL,JL. SUKAJADI NO. 1-3 SUKABUNGAH 40162 BANDUNG,410000
243,KENANGAN HOTEL,BINTANG 2,CITY HOTEL,JL. KEBON SIRIH NO.4 BANDUNG,410000
244,CHERRY HOME,BINTANG 2,CITY HOTEL,JL. BABAKAN JERUK IV NO. 37-39 PASTEUR BANDUNG JAWA BARAT,410000
245,MINE HOME HOTEL CIHAMPELAS,BINTANG 2,DOWN TOWN HOTEL,JL. BAPAK HUSEN DALAM NO. 10 CIHAMPELAS BANDUNG,410000
246,ARAYA HUIS HOMESTAY,BINTANG 2,GUEST HOUSE,JL. BELAKANG PASAR NO. 110 ANDIR BANDUNG,410000
247,DAGO'S HILL BANDUNG,BINTANG 2,CITY HOTEL,JL. TUBAGUS ISMAIL VIII NO.39 A DAGO BANDUNG,410000
248,WOOD HOTEL BANDUNG,BINTANG 2,CITY HOTEL,PANGRANGO TOWER AT PARAHYANGAN RESIDENCES JL. CIUMBULEUIT 125Â  BANDUNG,410000
249,MAGNOLIA BED & BREAKFAST,BINTANG 2,GUEST HOUSE,JL. SINDANG SIRNA II NO.363 SUKAJADI BANDUNG,410000
250,FORA GUEST HOUSE LINGKAR SELATAN,BINTANG 2,GUEST HOUSE,JL. PETA KOMPLEK TAMAN LINGKAR SELATAN NO.22 BANDUNG,410000
251,DE MAYA COTTAGE,BINTANG 2,GUEST HOUSE,JL. BUKIT PAKAR TIMUR V BLOK H 4- NO 16 BANDUNG,410000
252,HOTEL VICTORY,BINTANG 2,CITY HOTEL,JL. PAJAJARAN NO.79 PASIR KALIKI BANDUNG,410000
253,HOTEL NYLAND CIPAGANTI,BINTANG 2,DOWN TOWN HOTEL,JL. A. A. WIRANATA KUSUMAH (CIPAGANTI) NO.14 BANDUNG JAWA BARAT,410000
254,KENANGAN HOTEL BANDUNG,BINTANG 2,CITY HOTEL,JL. KEBON SIRIH NO.4 BANDUNG,410000
255,VENICE GUEST HOUSE BANDUNG,BINTANG 2,GUEST HOUSE,JL. KEBON SIRIH NO.6 BANDUNG,410000
256,THE SUMMIT RESIDENCE BANDUNG,BINTANG 2,CITY HOTEL,JL. CIBOGO BAWAH NO.23-25 CIBOGO BANDUNG,410000
257,CHERRY HOME EXPRESS BANDUNG,BINTANG 2,CITY HOTEL,JL. SURYA SUMANTRI NO. 93 PASTEUR BANDUNG,410000
258,VERONA RESIDENCE BANDUNG,BINTANG 2,RESIDENTIAL HOTEL,JL. BUKIT INDAH NO.9 HEGARMANAH CIUMBULEUIT BANDUNG,410000
259,CASSA DE APPLE BANDUNG,BINTANG 2,CITY HOTEL,JL. APEL NO. 2 DAGO ATAS BANDUNG,410000
260,HOTEL BUMI ASIH GEDUNG SATE BANDUNG,BINTANG 2,CITY HOTEL,JL. CILAMAYA NO. 1 BANDUNG,410000
261,LA NOSTALGIE BOUTIQUE GUEST HOUSE,BINTANG 2,GUEST HOUSE,JL. GALUNGGUNG NO.29 BANDUNG,410000
262,ABADI ASRI HOTEL BANDUNG,BINTANG 2,RESIDENTIAL HOTEL,JL. DR. SETIABUDI NO.287 SETIABUDI BANDUNG JAWA BARAT,410000
263,HI-QUALITY GUEST HOUSE,BINTANG 2,GUEST HOUSE,JL.SANGKURIANG NO.15BANDUNG,410000
264,WISMA JOGLO DAGO,BINTANG 2,GUEST HOUSE,JL. RESOT DAGO PAKAR NO. 19 DAGO BANDUNG,410000
265,RIZH HOTEL,BINTANG 2,CITY HOTEL,JL. TALAGA BODAS NO.6 MALABAR LENGKONG BANDUNG JAWA BARAT,410000
266,VELEZA HOTEL,BINTANG 2,CITY HOTEL,JL. LENGKONG KECIL NO. 84 LENGKONG BANDUNG,410000
267,IMAGE HOTEL AND RESTO,BINTANG 2,CITY HOTEL,JL. LENGKONG BESAR NO. 145 LENGKONG BANDUNG,410000
268,ARWIGA HOTEL,BINTANG 2,RESIDENTIAL HOTEL,JL.SEDERHANA NO.53 BANDUNG JAWA BARAT,410000
269,HOTEL SABANG BANDUNG,BINTANG 1,CITY HOTEL,JL. SABANG NO. 101 CITARUM BANDUNG WETAN KOTA BANDUNG JAWA BARAT,230000
270,THE BLESSING HOUSE BED AND BREAKFAST,BINTANG 1,CITY HOTEL,JL. CIHAMPELAS NO. 186 KAV. 16 LT. 2 CIHAMPELAS BANDUNG,230000
271,SEBELAS HOTEL BANDUNG,BINTANG 1,CITY HOTEL,JL. PALASARI NO. 32 LENGKONG BANDUNG JAWA BARAT,230000
272,HOTEL BUKIT DJUANDA,BINTANG 1,RESIDENTIAL HOTEL,JL. IR. H. JUANDA NO. 448 BANDUNG,230000
273,HOTEL HARMONY INN BANDUNG,BINTANG 1,CITY HOTEL,JL. TALAGABODAS NO. 62 BANDUNG JAWA BARAT,230000
274,PENSION GUEST HOUSE,BINTANG 1,GUEST HOUSE,JL. SABANG NO. 42 BANDUNG,230000
275,PELE BACKPACKER GUEST HOUSE,BINTANG 1,GUEST HOUSE,JL. TAMAN PELESIRAN 1 NO. 5 DAGO BANDUNG JAWA BARAT,230000
276,KARMILA HOTEL,BINTANG 1,RESIDENTIAL HOTEL,JL. IR. H. JUANDA NO. 32 DAGO BANDUNG WETAN KOTA BANDUNG,230000
277,CHEZ BON HOSTEL,BINTANG 1,HOSTEL,JL. BRAGA NO. 45 BANDUNG,230000
278,HOTEL PUTRI LARASATI,BINTANG 1,GUEST HOUSE,JL. KANAYAKAN LAMA BLOK A NO. 40 DAGO COBLONG BANDUNG,230000
279,SM RESIDENCE PASTEUR,BINTANG 1,GUEST HOUSE,JL. BABAKAN JERUK INDAH I NO.11 BANDUNG JAWA BARAT,230000
280,SA'CI GUEST HOUSE,BINTANG 1,GUEST HOUSE,JL. CIPEDES SELATAN NO. 1 KELURAHAN SUKABUNGA SUKAJADI BANDUNG,230000
281,THE JARDIN APARTMENT,BINTANG 1,APARTMENT,JL. CIHAMPELAS NO. 10 CIHAMPELAS BANDUNG JAWA BARAT,230000
282,SIMPLY HOMY GUEST HOUSE,BINTANG 1,GUEST HOUSE,JL. DR. DJUNJUNAN DALAM NO. 2 PASTEUR BANDUNG JAWA BARAT,230000
283,GUEST HOUSE BALI,BINTANG 1,GUEST HOUSE,JL. SUKABIRUS RT 01/ RW 13 NO. 03 BOJONGSOANG BANDUNG JAWA BARAT,230000
284,RADIO BACKPACKER GUESTHOUSE,BINTANG 1,GUEST HOUSE,JL. BABAKAN RADIO MEGA ASRI BLOK E3 NO.5 CICENDO BANDUNG,230000
285,HOTEL LODAYA,BINTANG 1,CITY HOTEL,"JL. LODAYA NO. 83 BURANGRANGÂ 
  LENGKONG BANDUNG",230000
286,P HOSTEL,BINTANG 1,HOSTEL,"JL. PETA NO. 21Â  ASTANAANYAR
  BANDUNG JAWA BARAT",230000
287,GANIA HOTEL,BINTANG 1,CITY HOTEL,JL. VETERAN NO. 30 SUMURBANDUNG BANDUNG JAWA BARAT,230000
288,TEN HOUSE BANDUNG,BINTANG 1,GUEST HOUSE,JL. BABAKAN JERUK I NO.10 PASTEUR BANDUNG JAWA BARAT,230000
289,ASOKA INN,GUEST HOUSE,GUEST HOUSE,JL. SURYA SUMANTRI KAV 4B BANDUNG,182500
290,ASOKA HOTEL,GUEST HOUSE,CITY HOTEL,JL.LENGKONG BESAR NO. 62 LENGKONG BANDUNG,182500
291,JAKSA GUEST HOUSE,GUEST HOUSE,GUEST HOUSE,JL. JAKSA NO.1 PUNGKUR BANDUNG JAWA BARAT,182500
292,SAKURA GUEST HOUSE,GUEST HOUSE,GUEST HOUSE,JL. LINGGAWASTU NO. 3 DAGO COBLONG BANDUNG JAWA BARAT,182500
293,HOTEL PROGO,GUEST HOUSE,CITY HOTEL,JL. PROGO NO. 6 RIAU BANDUNG,182500
294,WISMA ASIA BUNDO,GUEST HOUSE,GUEST HOUSE,JL. PELAJAR PEJUANG 45 NO. 22 A LINGKAR SELATAN BANDUNG,182500
295,PINISI BACKPACKER,GUEST HOUSE,GUEST HOUSE,JL. PASIRKALIKI BELAKANG NO. 84 PASIRKALIKI BANDUNG JAWA BARAT,182500
296,HOTEL BOULEVARD,GUEST HOUSE,CITY HOTEL,JL. TALAGABODAS NO. 106 BANDUNG JAWA BARAT,182500
297,CLEO GUEST HOUSE BANDUNG,GUEST HOUSE,GUEST HOUSE,JL.CEMARA NO.51 SUKAJADI BANDUNG,182500
298,KUWERA INN GUESTHOUSE BANDUNG,GUEST HOUSE,GUEST HOUSE,JL. TERUSAN CIGADUNG NO.9 SEKELOA COBLONG BANDUNG,182500
299,HOMESTAY SETIABUDI SYARIAH BANDUNG,GUEST HOUSE,GUEST HOUSE,JL. SETIABUDHI NO. 347A SETIABUDI BANDUNG,182500
300,ALDORA HOUSE BANDUNG,GUEST HOUSE,GUEST HOUSE,JL. SURYALAYA NO. 30 LENGKONG BANDUNG JAWA BARAT,182500
301,BOBOBOX PODS PASKAL BANDUNG,GUEST HOUSE,GUEST HOUSE,JL. PASIR KALIKI NO.76A PASIR KALIKI CICENDO BANDUNG,182500
302,HAZEL HOUSE,GUEST HOUSE,GUEST HOUSE,JL. REREONGAN SARUPI NO. 1 RT. 05 / 03 CIUMBULEUIT BANDUNG,182500
303,DE BUKIT ATAS AWAN VILLA,GUEST HOUSE,GUEST HOUSE,JL. BUKIT PAKAR TIMUR XI DAGO BANDUNG JAWA BARAT,182500
304,HYPER HOMESTAY,GUEST HOUSE,GUEST HOUSE,JL. CIPTA GRAHA RAYA KOMPLEK CIPTA GRAHA BLOK C NO.10Â  CICENDO BANDUNG,182500
305,ZEN ROOM BASIC UNINUS SYARIAH,GUEST HOUSE,GUEST HOUSE,JL. CIJAWURA GIRANG 2 NO. 5 SEKEJATI BANDUNG,182500
306,JF HOTEL,GUEST HOUSE,DOWN TOWN HOTEL,JL. CIHAMPELAS NO. 202,182500
307,HOTEL PUMA,GUEST HOUSE,DOWN TOWN HOTEL,JL. CIHAMPELAS NO. 153,182500
308,PURI TOMAT,GUEST HOUSE,GUEST HOUSE,JL. IR. H. JUANDA NO. 420,182500
309,ROYAL CORNER,GUEST HOUSE,CITY HOTEL,JL. WASTUKENCANA NO. 8,182500
310,THE TRANS LUXURY HOTEL,BINTANG 5,BUSSINESS HOTEL,JL. JENDERAL GATOT SUBROTO NO 289 BANDUNG KOTA BANDUNG,1125000
311,ARYADUTA BANDUNG,BINTANG 5,DOWN TOWN HOTEL,JL. SUMATERA NO. 51 BANDUNG INDONESIA,1125000
312,CROWNE PLAZA BANDUNG,BINTANG 5,CITY HOTEL,JL. LEMBONG NO.19 BANDUNG INDONESIA,1125000
313,PRAMA GRAND PREANGER BANDUNG,BINTANG 5,CITY HOTEL,JL. ASIA AFRIKA NO.81 BANDUNG,1125000
314,G.H UNIVERSAL,BINTANG 5,RESIDENTIAL HOTEL,JL.SETIABUDHI NO.376 BANDUNG,1125000
315,GRAND AQUILA BANDUNG,BINTANG 5,DOWN TOWN HOTEL,JL. DR. DJUNJUNAN NO. 116 PASTEUR BANDUNG JAWA BARAT,1125000
316,THE PAPANDAYAN,BINTANG 5,CITY HOTEL,JL. JENDERAT GATOT SUBROTO NO.83 MALABAR LENGKONG BANDUNG JAWA BARAT,1125000
317,PADMA HOTEL,BINTANG 5,RESORT HOTEL,JL. RANCA BENTANG 56-58 CIUMBULEUIT BANDUNG,1125000
318,INTERCONTINENTAL BANDUNG DAGO PAKAR,BINTANG 5,RESORT HOTEL,JL. RESOR DAGO PAKAR RAYA 2B DAGO ATAS BANDUNG,1125000
319,SHERATON BANDUNG HOTEL AND TOWER,BINTANG 5,RESORT HOTEL,JL. IR HAJI JUANDA NO 390 BANDUNG,1125000
320,HILTON BANDUNG,BINTANG 5,CITY HOTEL,JL. HOS TJOKROAMINOTO NO. 41-43 PASIR KALIKI BANDUNG,1125000
321,STAY GUARANTEE HOTEL,BINTANG 4,CITY HOTEL,JL. SUMATERA NO. 51 BANDUNG MERDEKA BANDUNG JAWA BARAT INDONESIA,875000
322,COURTYARD BY MARRIOTT BANDUNG DAGO,BINTANG 4,CITY HOTEL,JL. IR. H. JUANDA NO 31 - 33 BANDUNG WETAN 40116 BANDUNG INDONESIA,875000
323,GARDEN PERMATA HOTEL,BINTANG 4,DOWN TOWN HOTEL,JL. LEMAHNENDEUT NO 7 PASTEUR BANDUNG,875000
324,EL ROYALE HOTEL,BINTANG 4,CITY HOTEL,JL. MERDEKA NO. 2 BANDUNG JAWA BARAT,875000
325,ASTON PASTEUR,BINTANG 4,DOWN TOWN HOTEL,JL. DR. DJUNJUNAN 162 PASTEUR BANDUNG JAWA BARAT,875000
326,GRAND TJOKRO BANDUNG,BINTANG 4,DOWN TOWN HOTEL,JL. CIHAMPELAS NO. 211-217 BANDUNG JAWA BARAT,875000
327,ASTON TROPICANA,BINTANG 4,DOWN TOWN HOTEL,JL. CIHAMPELAS NO.125-129 BANDUNG JAWA BARAT,875000
328,THE 101 BANDUNG DAGO,BINTANG 4,DOWN TOWN HOTEL,JL. IR. H. JUANDA NO.3 BANDUNG JAWA BARAT,875000
329,WEST POINT HOTEL,BINTANG 4,CITY HOTEL,JL. GARUDA NO.63 BANDUNG JAWA BARAT,875000
330,THE VALLEY RESORT HOTEL,BINTANG 4,RESORT HOTEL,JL. LEMBAH PAKAR TIMUR NO. 28 DAGO BANDUNG,875000
331,HARRIS HOTEL & CONVENTIONS CIUMBULEUIT,BINTANG 4,RESORT HOTEL,JL. CIUMBULEUIT NO.50-58 BANDUNG JAWA BARAT,875000
332,THE JAYAKARTA,BINTANG 4,BOUTIQUE HOTEL,JL. IR. JUANDA NO.381 A BANDUNG,875000
333,GRAND PASUNDAN CONVENTION HOTEL,BINTANG 4,BUSSINESS HOTEL,JL. PETA NO.147-149 LINGKAR SELATAN BANDUNG,875000
334,SHAKTI HOTEL,BINTANG 4,CITY HOTEL,JL. SOEKARNO HATTA NO.735 GEDE BAGE BANDUNG,875000
335,ART DECO LUXURY HOTEL AND RESIDENCE,BINTANG 4,RESIDENTIAL HOTEL,JL. RANCABENTANG NO. 2A CIUMBULEUIT BANDUNG,875000
336,THE LUXTON BANDUNG,BINTANG 4,CITY HOTEL,JL. IR. H. JUANDA NO.18 BANDUNG JAWA BARAT,875000
337,HARRIS HOTEL & CONVENTIONS,BINTANG 4,DOWN TOWN HOTEL,JL. PETA NO.241 PASIR KOJA BANDUNG,875000
338,THE GREEN FOREST RESORT,BINTANG 4,RESORT HOTEL,JL. SERSAN BAJURI NO.102 CIHIDEUNG SETIABUDI BANDUNG,875000
339,GRAND ARSILIA HOTEL & CONVENTION,BINTANG 4,BUSSINESS HOTEL,JL. PELAJAR PEJUANG 45 NO. 123 LENGKONG BANDUNG,875000
340,GRAND SETIABUDI HOTEL,BINTANG 4,RESORT HOTEL,JL. SETIABUDHI NO.130-134 BANDUNG,875000
341,GALERI CIUMBULEUIT HOTEL,BINTANG 4,RESIDENTIAL HOTEL,JL. CIUMBULEUIT NO.42A BANDUNG,875000
342,MASON PINE HOTEL,BINTANG 4,CITY HOTEL,JL. RAYA PARAHYANGAN KM 1.8 CIPEUNDEUY PADALARANG BANDUNG,875000
343,BEST WESTERN PRIMER LA GRANDE,BINTANG 4,CITY HOTEL,JL. MERDEKA NO.25-29 SUMURBANDUNG BANDUNG,875000
344,HOLIDAY INN,BINTANG 4,DOWN TOWN HOTEL,JL. DR. DJUNJUNAN NO.96 PASTEUR BANDUNG JAWA BARAT,875000
345,THE GRANDIA HOTEL,BINTANG 4,DOWN TOWN HOTEL,JL. CIHAMPELAS NO.82 PASTEUR BANDUNG,875000
346,D PAVILJOEN HOTEL,BINTANG 4,CITY HOTEL,JL. R.E. MARTADINATA NO.68 BANDUNG,875000
347,GRAND PREANGER,BINTANG 4,CITY HOTEL,JL. ASIA AFRIKA NO. 81,875000
348,HOTEL HORISON BANDUNG,BINTANG 4,CITY HOTEL,JL. PELAJAR PEJUANG 45 NO. 121,875000
349,HYATT REGENCY BANDUNG,BINTANG 4,CITY HOTEL,JL. SUMATERA NO. 51,875000
350,SAVOY HOMAN,BINTANG 4,DOWN TOWN HOTEL,JL. ASIA AFRIKA NO. 112,875000
351,THE ARDJUNA BOUTIQUE HOTEL,BINTANG 4,BOUTIQUE HOTEL,JL. CIUMBULEUIT NO. 152,875000
352,TRAVELLO HOTEL,BINTANG 4,CITY HOTEL,JL. SETIABUDHI NO. 268 BANDUNG,875000
353,GRAND TEBU HOTEL,BINTANG 4,CITY HOTEL,JL. R.E MARTADINATA NO. 207 BANDUNG JAWA BARAT,875000
354,PRIME PARK HOTEL,BINTANG 4,CITY HOTEL,JL. MUSTOFA NO.47-57 BANDUNG,875000
355,REGATA HOTEL,BINTANG 4,DOWN TOWN HOTEL,JL. DR. SETIABUDHI NO. 35 BANDUNG,875000
356,MARBELLA HOTEL,BINTANG 4,CITY HOTEL,JL. SENTRA DAGO PAKAR DAGO BANDUNG,875000
357,THE MAJESTY HOTEL,BINTANG 4,CITY HOTEL,JL. SURYA SUMANTRI NO.91 BANDUNG,875000
358,ASTON BRAGA HOTEL AND RESIDENCE,BINTANG 4,RESIDENTIAL HOTEL,JL. BRAGA NO.99-101 BANDUNG,875000
359,ARION SWISS-BEL HOTEL,BINTANG 4,CITY HOTEL,JL. OTTO ISKANDARDINATA NO.16 BANDUNG,875000
360,HAY HOTEL BANDUNG,BINTANG 4,CITY HOTEL,JL. TRUNO JOYO NO. 19 BANDUNG,875000
361,SUMMER HIILLS PRIVATE VILLAS AND HOTEL,BINTANG 4,RESIDENTIAL HOTEL,JL. SETRASARI RAYA NO.10 BANDUNG,875000
362,FOX HARIIS CITY CENTER BANDUNG,BINTANG 4,CITY HOTEL,JL. JAWA NO. 3 SUMUR BANDUNG KOTA BANDUNG JAWA BARAT,875000
363,PARK VIEW HOTEL,BINTANG 4,CITY HOTEL,JL. SUKAJADI NO.153 BANDUNG,875000
364,GRAND MERCURE HOTEL,BINTANG 4,RESIDENTIAL HOTEL,JL. DR. SETIABUDI NO. 269 LEMBANG BANDUNG,875000
365,FOUR POINT HOTEL BY SHERATON,BINTANG 4,DOWN TOWN HOTEL,JL IR. H JUANDA NO 46 DAGO BANDUNG,875000
366,NOVOTEL BANDUNG,BINTANG 4,CITY HOTEL,JL.CIHAMPELAS NO 23 25 CIPAGANTI BANDUNG,875000
367,SENSA HOTEL,BINTANG 4,CITY HOTEL,JL. CIHAMPELAS 160 CIHAMPELAS BANDUNG,875000
368,SANDALWOOD HOTEL,BINTANG 4,BOUTIQE HOTEL,JL. SESKOAU NO. 1 LEMBANG BANDUNG,875000
369,NOVENA HOTEL,BINTANG 3,RESIDENTIAL HOTEL,JL. RAYA LEMBANG NO.2 LEMBANG BANDUNG JAWA BARAT,690000
370,V HOTEL,BINTANG 3,RESIDENTIAL HOTEL,JL. TERUSAN SUTAMI III NO. 1 PASTEUR BANDUNG JAWA BARAT,690000
371,YELLO HOTEL PASKAL BANDUNG,BINTANG 3,DOWN TOWN HOTEL,JL. PASAR KALIKI NO. 25 PASIR KALIKI BANDUNG JAWA BARAT,690000
372,BALI WORLD HOTEL,BINTANG 3,CITY HOTEL,JL. SOEKARNO HATTA NO.713 BY-PASS TIMUR SOEKARNO HATTA BYPASS BANDUNG,690000
373,DAGO HIGHLAND RESORT,BINTANG 3,RESORT HOTEL,JL. BUKIT PAKAR TIMUR IV NO.88 DAGO BANDUNG,690000
374,FAVE HOTEL,BINTANG 3,DOWN TOWN HOTEL,JL. PASIR KALIKI NO.25-27 BANDUNG,690000
375,GRAND CORDELA HOTEL,BINTANG 3,CITY HOTEL,JL. SOEKARNO HATTA NO. 791 B BANDUNG,690000
376,ZEST HOTEL,BINTANG 3,CITY HOTEL,JL. SUKAJADI NO.16 BANDUNG,690000
377,GRAND SOVIA HOTEL,BINTANG 3,CITY HOTEL,JL. KEBON KAWUNG NO.16 BANDUNG,690000
378,METRO INDAH BANDUNG HOTEL,BINTANG 3,DOWN TOWN HOTEL,JL. SOEKARNO HATTA NO.590 BANDUNG JAWA BARAT,690000
379,BTC HOTEL,BINTANG 3,DOWN TOWN HOTEL,JL. DR. DJUNJUNAN 143-149 PASTEUR BANDUNG,690000
380,DBEST HOTEL SOFIA DAGO,BINTANG 3,RESIDENTIAL HOTEL,JL. TEUKU ANGKASA NO.27 BANDUNG JAWA BARAT,690000
381,MUTIARA HOTEL BANDUNG,BINTANG 3,CITY HOTEL,JL. KEBON KAWUNG NO.60 BANDUNG JAWA BARAT,690000
382,GRAND PARADISE HOTEL,BINTANG 3,RESORT HOTEL,JL.RAYA TANGKUBAN PERAHU NO.50LEMBANGBANDUNG,690000
383,GRAND HOTEL LEMBANG,BINTANG 3,RESORT HOTEL,JL. RAYA LEMBANG NO.272 LEMBANG BANDUNG,690000
384,THE SUMMIT SILIWANGI HOTEL,BINTANG 3,CITY HOTEL,JL. SERAM NO.5 RIAU BANDUNG,690000
385,D'BEST HOTEL PASAR BARU,BINTANG 3,DOWN TOWN HOTEL,JL. OTO ISKANDARDINATA NO.460 ASTANA ANYAR BANDUNG,690000
386,HOTEL NALENDRA BANDUNG,BINTANG 3,DOWN TOWN HOTEL,JL.CIHAMPELAS NO.225-2229 BANDUNG,690000
387,PANORAMA LEMBANG HOTEL,BINTANG 3,RESORT HOTEL,JL. TANGKUBAN PERAHU NO. 29 LEMBANG BANDUNG,690000
388,NEO DIPATIUKUR BANDUNG,BINTANG 3,CITY HOTEL,JL. DIPATIUKUR NO.72-74 BANDUNG JAWA BARAT,690000
389,KEDATON HOTEL BANDUNG,BINTANG 3,CITY HOTEL,JL. SUNIARAJA NO.14 BANDUNG,690000
390,GEARY HOTEL BANDUNG,BINTANG 3,CITY HOTEL,JL. KEBON KAWUNG NO. 12 PASIR KALIKI BANDUNG JAWA BARAT,690000
391,HOTEL PESONA BAMBOE,BINTANG 3,RESORT HOTEL,JL. RAYA LEMBANG NO. 227 LEMBANG BANDUNG,690000
392,IBIS STYLES BANDUNG BRAGA,BINTANG 3,CITY HOTEL,JL. BRAGA NO. 8 BANDUNG,690000
393,ARDAN HOTEL,BINTANG 3,CITY HOTEL,JL. SEDERHANA NO.8-10 SUKAJADI BANDUNG,690000
394,HOUSE OF SANGKURIANG,BINTANG 3,GUEST HOUSE,JL. SANGKURIANG NO.1 BANDUNG,690000
395,IBIS BANDUNG PASTEUR,BINTANG 3,CITY HOTEL,JL. DOKTER DJUNJUNAN NO. 22 PASTEUR BANDUNG,690000
396,HOTEL CEMERLANG,BINTANG 3,CITY HOTEL,JL. HOS TJOKROAMINOTO NO.45 PASIR KALIKI BANDUNG,690000
397,EL CAVANA HOTEL,BINTANG 3,DOWN TOWN HOTEL,JL. STASIUN BARAT NO.25-27 BANDUNG JAWA BARAT,690000
398,HOTEL MITRA BANDUNG,BINTANG 3,CITY HOTEL,JL. WR. SUPRATMAN NO.98 BANDUNG,690000
399,THE NEWTON HOTEL BANDUNG,BINTANG 3,CITY HOTEL,JL. RE. MARTATADINATA NO.223-227 BANDUNG,690000
400,PROMENADE HOTEL,BINTANG 3,DOWN TOWN HOTEL,JL. CIHAMPELAS NO. 119-121 CIHAMPELAS,690000
401,DE RAIN BANDUNG MANAGED BY DAFAM,BINTANG 3,CITY HOTEL,JL. LENGKONG KECIL NO.76-80 PALEDANG LENGKONG BANDUNG,690000
402,NEW SANY ROSA HOTEL,BINTANG 3,RESIDENTIAL HOTEL,JL. HEGARMANAH NO.2A CIUMBULEUIT BANDUNG,690000
403,PATRA COMFORT BANDUNG,BINTANG 3,CITY HOTEL,JL. IR. H. JUANDA NO.132 BANDUNG,690000
404,THE CIPAKU GARDEN HOTEL,BINTANG 3,RESIDENTIAL HOTEL,JL. CIPAKU INDAH X NO. 2-4 SETIABUDI BANDUNG,690000
405,SHEO HOTEL,BINTANG 3,CITY HOTEL,JL. CIUMBULEUIT NO.152 BANDUNG JAWA BARAT,690000
406,HOTEL DAFAM RIO,BINTANG 3,CITY HOTEL,JL. L.L.R.E MARTADINATA NO. 160 RIAU BANDUNG,690000
407,MOSCATO HOTEL &CAFE,BINTANG 3,CITY HOTEL,JL. RAYA LEMBANG NO.11 BANDUNG,690000
408,PASAR BARU SQUARE HOTEL BANDUNG,BINTANG 3,DOWN TOWN HOTEL,JL. OTTO ISKANDARDINATA NO.81-89 BANDUNG,690000
409,GRAND VIVEANA HOTEL,BINTANG 3,CITY HOTEL,JL. PADJAJARAN NO. 73 CICENDO BANDUNG,690000
410,KEMBANG HOTEL,BINTANG 3,DOWN TOWN HOTEL,JL. CIHAMPELAS NO. 100 SUKAJADI 40011 BANDUNG,690000
411,EXECELLENT SEVEN HOTEL,BINTANG 3,CITY HOTEL,JL. DR. ERLICH NO. 7. DR.OTTEN-PASTURE KOTA BANDUNG,690000
412,VIO HOTEL CIMANUK,BINTANG 3,CITY HOTEL,JL. CIMANUK NO.15 CITARUM BANDUNG WETAN KOTA BANDUNG JAWA BARAT,690000
413,SUKAJADI HOTEL,BINTANG 3,CITY HOTEL,JL. SUKAJADI NO.176 SUKAJADI BANDUNG JAWA BARAT,690000
414,CINNAMON HOTEL BOUTIQUE SYARIAH,BINTANG 3,BOUTIQE HOTEL,JL. SETIABUDHI NO. 300 BANDUNG,690000
415,HORISON KARANG SETRA RESORTS BANDUNG,BINTANG 3,RESORT HOTEL,JL. BUNGUR NO. 2 SUKAJADI BANDUNG,690000
416,SAPADIA GUEST HOUSE,BINTANG 3,GUEST HOUSE,JL. MUNDING LAYA NO.2 CIKAPAYANG COBLONG BANDUNG,690000
417,VERONA PALACE HOTEL,BINTANG 3,CITY HOTEL,JL. SURYA SUMANTRI 36 BANDUNG,690000
418,HOTEL NYLAND PASTEUR,BINTANG 3,DOWN TOWN HOTEL,JL. DR. DJUNDJUNAN NO.125 (TERUSAN PASTEUR) BANDUNG,690000
419,RED DOORZ TALAGA BODAS,BINTANG 3,CITY HOTEL,"JL. TALAGA BODAS NO. 6-8Â  LENGKONG
  BANDUNG",690000
420,NAMIN DAGO HOTEL,BINTANG 3,RESIDENTIAL HOTEL,JL.HASANUDIN NO.10 DAGO BANDUNG JAWA BARAT,690000
421,HOTEL LINGGA BANDUNG,BINTANG 3,CITY HOTEL,JL. SOEKARNO HATTA NO.464 SOEKARNO HATTA BYPASS BANDUNG,690000
422,FABU HOTEL BANDUNG,BINTANG 3,CITY HOTEL,JL. KEBON JATI NO.32 BANDUNG,690000
423,RED DOORZ TSM,BINTANG 3,CITY HOTEL,JL. SALEDRI NO.18 LINGKAR SELATAN BANDUNG,690000
424,ANGGREK GANDASARI HOTEL,BINTANG 3,CITY HOTEL,JL. SERAM NO.3 BANDUNG JAWA BARAT,690000
425,BUMI BANDHAWA HOTEL,BINTANG 3,RESIDENTIAL HOTEL,JL. KONSTITUSI 1/16 CIGADUNG DAGO BANDUNG,690000
426,D'SOVIA HOTEL,BINTANG 3,CITY HOTEL,JL. GARDU JATI NO. 81 - 83 BANDUNG,690000
427,THE PALAIS DAGO HOTEL,BINTANG 3,RESIDENTIAL HOTEL,JL. IR. H. JUANDA NO.90 DAGO BANDUNG,690000
428,RED DOORZ BABAKAN JERUK,BINTANG 3,CITY HOTEL,JL. BABAKAN JERUK I NO. 10 SUKAGALIH SUKAJADI BANDUNG,690000
429,AHADIAT HOTEL & BUNGALOW,BINTANG 3,RESORT HOTEL,JL. SINDANG SIRNA ELOK (PROF.SUTAMI) NO. 9 SETRASASI SUKAJADI BANDUNG,690000
430,D'BATOE BOUTIQE HOTEL,BINTANG 3,BOUTIQE HOTEL,JL. PASIR KALIKI 78 BANDUNG,690000
431,SCARLET DAGO HOTEL,BINTANG 3,RESIDENTIAL HOTEL,JL. SILIWANGI NO.5 DAGO BANDUNG,690000
432,THE SILK HOTEL BANDUNG,BINTANG 3,RESIDENTIAL HOTEL,JL. IR. H. JUANDA NO. 392 DAGO BANDUNG,690000
433,THE SUITES BY EMJI GROUP,BINTANG 3,CITY HOTEL,JL. SOEKARNO HATTA NO 698 BUAH BATU BANDUNG,690000
434,U VILLAGE HOTEL,BINTANG 3,RESORT HOTEL,JL. BUKIT TUNGGUL NO. 8 CIUMBULEUIT BANDUNG,690000
435,VILLA DAGO HOTEL SYARIAH,BINTANG 3,GUEST HOUSE,JL. MAWAR 2 NO. 42A DAGO ATAS BANDUNG,690000
436,HOLAMIGOS,BINTANG 3,GUEST HOUSE,JL. AHMAD YANI NO. 669 PADASUKA,690000
437,THE BATIK BED & COFFEE,BINTANG 3,CITY HOTEL,JL. SRIWIJAYA NO. 121 BANDUNG,690000
438,ASMILA BOUTIQE,BINTANG 3,BOUTIQE HOTEL,JL. DR. SETIABUDHI NO. 54 SETIABUDI BANDUNG,690000
439,HOTEL UTARI DAGO,BINTANG 3,RESIDENTIAL HOTEL,JL. IR. H JUANDA NO. 50 DAGO COBLONG BANDUNG,690000
440,DAILY HOME APARTMENT,BINTANG 3,APARTMENT,JL. SETIABUDI NO. 130-134 SETIABUDI BANDUNG,690000
441,HOTEL BILIQUE,BINTANG 3,RESIDENTIAL HOTEL,JL. SERSAN BAJURI NO. 100,690000
442,TOPAS GALLERY,BINTANG 3,DOWN TOWN HOTEL,JL. DR. DJUNDJUNAN NO. 153,690000
443,HOTEL TRIO,BINTANG 3,CITY HOTEL,JL. GARDUJATI NO. 55-61,690000
444,HOTEL SUKAJADI,BINTANG 3,DOWN TOWN HOTEL,JL. SUKAJADI NO. 176,690000
445,HOTEL MUTIARA,BINTANG 3,CITY HOTEL,JL. KEBON KAWUNG NO. 60,690000
446,NALENDRA,BINTANG 3,DOWN TOWN HOTEL,JL. CIHAMPELAS NO. 227-229,690000
447,CIPAKU GARDEN HOTEL,BINTANG 3,RESORT HOTEL,JL.CIPAKU XI NO. 2,690000
448,GRAND SERELA,BINTANG 3,CITY HOTEL,JL. R.E. MARTADINATA NO. 56,690000
449,HOTEL GUCI,BINTANG 3,CITY HOTEL,JL. PASIR KALIKI NO. 53-55,690000
450,INTERNATIONAL IMPERIUM,BINTANG 3,DOWN TOWN HOTEL,JL. DR. RUM NO. 30-32,690000
451,HOTEL KEDATON,BINTANG 3,CITY HOTEL,JL. SUNIARAJA NO. 14,690000
452,NEW NARIPAN,BINTANG 3,CITY HOTEL,JL. NARIPAN NO. 31-35,690000
453,HOTEL PERDANA WISATA,BINTANG 3,CITY HOTEL,JL. JEND. SUDIRMAN NO. 66-68,690000
454,SANTIKA,BINTANG 3,CITY HOTEL,JL. SUMATERA NO. 52-54,690000
455,HOTEL IBIS TSM,BINTANG 3,CITY HOTEL,JL. GATOT SUBROTO NO. 289,690000
456,THE GUESTHOUSE CIPEDES,BINTANG 3,GUEST HOUSE,JL. CIPEDES ATAS NO. 86B BANDUNG,690000
457,OBC GUEST HOUSE,BINTANG 3,GUEST HOUSE,JL. RANCABENTANG 1 NO.3A CIUMBULEUIT BANDUNG,690000
458,SWEET KARINA HOTEL,BINTANG 3,CITY HOTEL,JL. TERUSAN BABAKAN JERUK IV NO.38 BANDUNG JAWA BARAT,690000
459,CASSADUA HOTEL,BINTANG 3,CITY HOTEL,JL. CASSA NO.2 PASTEUR BANDUNG,690000
460,NARAYA HOUSE,BINTANG 3,CITY HOTEL,JL. KH. AHMAD DAHLAN NO. 20 LENGKONG BANDUNG JAWA BARAT,690000
461,OTTEN INN,BINTANG 3,CITY HOTEL,JL. DR. OTTEN NO. 28 PASTEUR BANDUNG JAWA BARAT,690000
462,CATELLYA GUEST HOUSE,BINTANG 3,GUEST HOUSE,JL. CIPAKU INDAH III NO. 11 SETIABUDHI BANDUNG,690000
463,DE BEVERLY DAGO APARTMENT,BINTANG 3,APARTMENT,JL. SANGKURIANG NO. 15 BANDUNG JAWA BARAT,690000
464,RED DOORZ APARTMENT,BINTANG 3,APARTMENT,JL. SOEKARNO HATTA NO. 689B BANDUNG 40286 JAWA BARAT,690000
465,RED DOORZ GEDUNG SATE,BINTANG 3,CITY HOTEL,JL. ARIA JIPANG NO. 6 CITARUM BANDUNG,690000
466,RED DOORZ PASTEUR,BINTANG 3,DOWN TOWN HOTEL,"JL. PDAM NO.7 SUKAMULYA PASTEUR 40162Â 
  BANDUNG",690000
467,POP HOTEL BANDUNG FESTIVAL CITY LINK,BINTANG 2,CITY HOTEL,JL. PETA 241 PASIR KOJA BANDUNG,410000
468,TAMANSARI PANORAMIC,BINTANG 2,CITY HOTEL,JL. SOEKARNO HATTA NO. 783A BANDUNG,410000
469,VIO CIHAMPELAS,BINTANG 2,DOWN TOWN HOTEL,JL. CIHAMPELAS NO. 108 BANDUNG JAWA BARAT,410000
470,ALAM PERMAI,BINTANG 2,CITY HOTEL,JL. DR. SETIABUDI NO. 432,410000
471,BUMI ASIH,BINTANG 2,CITY HOTEL,JL. CILAMAYA NO. 1,410000
472,DE'QUR,BINTANG 2,CITY HOTEL,JL. DIPATIUKUR NO. 27,410000
473,HOTEL KING GARDEN,BINTANG 2,CITY HOTEL,JL. GARDUJATI NO. 81-83,410000
474,ROYAL PALACE,BINTANG 2,CITY HOTEL,JL. LEMBONG NO. 21,410000
475,HOTEL CITRADREAM BANDUNG,BINTANG 2,CITY HOTEL,JL PASIR KALIKI NO 36-42 BANDUNG,410000
476,AMARIS HOTEL CIHAMPELAS,BINTANG 2,DOWN TOWN HOTEL,JL. CIHAMPELAS NO.171 BANDUNG,410000
477,HOTEL AUGUSTA VALLEY,BINTANG 2,RESIDENTIAL HOTEL,JL. CIPAKU NO. 19 SETIABUDI BANDUNG,410000
478,RED DOORZ WASTU KENCANA,BINTANG 2,CITY HOTEL,JL. LINGGAWASTU NO. 3 BANDUNG WETAN TAMAN SARI JAWA BARAT,410000
479,RED DOORZ PLUS,BINTANG 2,DOWN TOWN HOTEL,JL. CIHAMPELAS NO. 179 CIHAMPELAS BANDUNG,410000
480,HOTEL GHOTIC,BINTANG 2,CITY HOTEL,JL.SOEKARNO HATTA NO.534 BANDUNG,410000
481,HOTEL 88 KOPO BANDUNG,BINTANG 2,CITY HOTEL,JL. KOPO CIRANGRANG NO. 459 BANDUNG,410000
482,GRAHA CIUMBULEUIT GUEST HOUSE,BINTANG 2,GUEST HOUSE,JL. CIUMBULEUIT NO.156 BANDUNG,410000
483,HOTEL AUGUSTA SURAPATI,BINTANG 2,CITY HOTEL,JL. SURAPATI NO.203 BANDUNG,410000
484,HOTEL SERENA BANDUNG,BINTANG 2,CITY HOTEL,JL. MARJUK NO.4-6 KEBON KAWUNG BANDUNG,410000
485,NAVAL HOTEL,BINTANG 2,CITY HOTEL,JL. SUKAJADI NO.180 SUKAJADI BANDUNG,410000
486,AMIRA HOTEL,BINTANG 2,CITY HOTEL,JL. DANGDEUR INDAH NO.20 BANDUNG,410000
487,HOTEL CITARUM,BINTANG 2,CITY HOTEL,JL. CITARUM NO. 16 BANDUNG,410000
488,HOTEL HARAPAN INDAH,BINTANG 2,CITY HOTEL,JL. GATOT SUBROTO NO. 45 B LENGKONG BANDUNG,410000
489,BUKIT DAGO HOTEL,BINTANG 2,RESIDENTIAL HOTEL,JL. IR. H. JUANDA NO. 311 DAGO BANDUNG JAWA BARAT,410000
490,HOTEL RIAU BANDUNG,BINTANG 2,CITY HOTEL,JL. RE MARTADINATA NO. 191 RIAU BANDUNG,410000
491,VIO HOTEL PASTEUR,BINTANG 2,DOWN TOWN HOTEL,JL. DR. DJUNJUNAN PASTEUR NO. 154 BANDUNG,410000
492,LOTUS HOTEL,BINTANG 2,CITY HOTEL,JL. TUBAGUS ISMAIL VIII NO.45 DAGO BANDUNG,410000
493,HOTEL CARYOTA,BINTANG 2,CITY HOTEL,JL. SUKAJADI NO.169 SUKAJADI BANDUNG,410000
494,RED DOORZ CIPAKU,BINTANG 2,RESIDENTIAL HOTEL,JL. CIPAKU INDAH III NO. 11 LEDENG SETIABUDI BANDUNG,410000
495,RUBY HOTEL SYARIAH,BINTANG 2,CITY HOTEL,JL. DR. RUBINI NO. 4 PASIR KALIKI BANDUNG,410000
496,WIRTON DAGO HOTEL,BINTANG 2,RESIDENTIAL HOTEL,"JL. IR. H. DJUANDA NO. 395 DAGOÂ 
  BANDUNG JAWA BARAT",410000
497,RED DOORZ CIBOGO BAWAH,BINTANG 2,RESIDENTIAL HOTEL,JL. CIBOGO BAWAH 23-25 BANDUNG PASTEUR,410000
498,BANTAL GULING ASIA AFRIKA,BINTANG 2,GUEST HOUSE,JL. KAUTAMAAN ISTRI NO.30B BANDUNG,410000
499,HOTEL CIHAMPELAS,BINTANG 2,DOWN TOWN HOTEL,JL. CIHAMPELAS NO.179 CIHAMPELAS BANDUNG JAWA BARAT,410000
500,ARIANDRI RESIDENCE,BINTANG 2,CITY HOTEL,JL. CILAKI NO.31 BANDUNG,410000
501,MINE HOME HOTEL,BINTANG 2,CITY HOTEL,JL. MARJUK NO.9 KEBON KAWUNG BANDUNG,410000
502,VIO HOTEL SURAPATI,BINTANG 2,CITY HOTEL,JL. SURAPATI NO. 15 BANDUNG,410000
503,HOTEL S3 SETRASARI,BINTANG 2,CITY HOTEL,JL. SURYA SUMANTRI KAV. 10 D BANDUNG,410000
504,TRIPLE SEVEN HOTEL,BINTANG 2,DOWN TOWN HOTEL,JL. PESANTREN WETAN NO. 20 PANDU-PADJAJARAN BANDUNG,410000
505,BALI INDAH HOTEL,BINTANG 2,CITY HOTEL,JL. BKR NO. 75 LINGKAR SELATAN BANDUNG,410000
506,GRAND AMELLIA HOTEL,BINTANG 2,RESIDENTIAL HOTEL,JL. CIJEROKASO NO. 124 GEGER KALONG HILIR BANDUNG JAWA BARAT,410000
507,LATIEF INN HOTEL,BINTANG 2,CITY HOTEL,JL. NATUNA NO.16 BANDUNG,410000
508,BANTAL GULING ALUN ALUN BANDUNG,BINTANG 2,CITY HOTEL,JL. MOH. TOHA NO. 42 BANDUNG JAWA BARAT,410000
509,HOTEL CIHAMPELAS 2,BINTANG 2,DOWN TOWN HOTEL,JL. CIHAMPELAS NO. 222,410000
510,AMARIS HOTEL CIMANUK,BINTANG 2,CITY HOTEL,JL. CIMANUK NO.14 BANDUNG,410000
511,DPALMA HOTEL,BINTANG 2,CITY HOTEL,JL. JEND. GATOT SUBROTO NO. 41 LENGKONG BANDUNG,410000
512,D'RIVER GUEST HOUSE,BINTANG 2,GUEST HOUSE,JL CIHAMPELAS 294 CIHAMPELAS BANDUNG,410000
513,SAWUNGGALING HOTEL,BINTANG 2,CITY HOTEL,JL. SAWUNGGALING NO.13 BANDUNG JAWA BARAT,410000
514,CORSICA HOTEL,BINTANG 2,CITY HOTEL,JL. SUPRATMAN NO. 43A BANDUNG WETAN BANDUNG,410000
515,POIN PHILA,BINTANG 2,DOWN TOWN HOTEL,JL. CIHAMPELAS NO.12 CIHAMPELAS BANDUNG JAWA BARAT,410000
516,HYPER INN,BINTANG 2,CITY HOTEL,JL. PASIR KALIKI RUKO HYPERSQUARE BLOK D 29 - 32 BANDUNG,410000
517,HOTEL ARIMBI DESTIK,BINTANG 2,CITY HOTEL,JL. DEWI SARTIKA NO. 108 A REGOL LENGKONG BANDUNG,410000
518,FLORES GALLERY HOTEL,BINTANG 2,CITY HOTEL,JL. FLORES NO. 7 RIAU BANDUNG,410000
519,DE'KAYA KINI HOTEL,BINTANG 2,CITY HOTEL,JL. CIPAMOKOLAN KOMP. RANCALOA REGENCY II NO.7 RIUNG BANDUNG BANDUNG,410000
520,WISMA DAGO 22,BINTANG 2,GUEST HOUSE,JL. DAGO POJOK NO. 22B DAGO BANDUNG JAWA BARAT,410000
521,RED DOORZ PLUS RUMAH MODE,BINTANG 2,DOWN TOWN HOTEL,JL. CIPAGANTI NO.150-152 CIPAGANTI BANDUNG,410000
522,ROYAL MERDEKA,BINTANG 2,CITY HOTEL,JL. MERDEKA NO. 34,410000
523,MALEO KOSTEL,BINTANG 2,CITY HOTEL,"JL. DANGDEUR INDAH II NO.4&15 SURYA SUMANTRI PASTEUR BANDUNG JAWA
  BARAT",410000
524,AMELLIA HOTEL PASTEUR,BINTANG 2,RESIDENTIAL HOTEL,JL. CIBOGO NO.81 SUKAWARNA SUKAJADI KOTA BANDUNG JAWA BARAT,410000
525,CT 195,BINTANG 2,GUEST HOUSE,JL. CIPEDES TENGAH NO. 195 SUKAJADI BANDUNG,410000
526,HOTEL UNIK BANDUNG,BINTANG 2,CITY HOTEL,JL. H. AKBAR NO.12 KEBON KAWUNG BANDUNG,410000
527,THE FELI HOTEL,BINTANG 2,CITY HOTEL,JL. BUAH BATU NO. 152 BANDUNG,410000
528,KALIMASADA HOTEL,BINTANG 2,CITY HOTEL,JL. KALIMANTAN NO.5 SUMUR BANDUNG BANDUNG,410000
529,ALQUEBY HOTEL,BINTANG 2,CITY HOTEL,JL. TERUSAN JAKARTA UTARA NO.7 BANDUNG,410000
530,SUTAN RAJA GUEST HOUSE,BINTANG 2,GUEST HOUSE,JL. TALAGA BODAS NO.66 BANDUNG,410000
531,BANTAL GULING GUEST HOUSE GATSU,BINTANG 2,GUEST HOUSE,JL.GATOT SUBROTO 194 BANDUNG BANDUNG CITY CENTER BANDUNG,410000
532,PONDOK AYUNI,BINTANG 2,GUEST HOUSE,JL. TERUSAN SARIRASA NO.2A SARIJADI SUKASARI PASTEUR BANDUNG JAWA BARAT,410000
533,WISMA DAGO 11,BINTANG 2,GUEST HOUSE,JL. DAGO POJOK NO. 11B BANDUNG JAWA BARAT,410000
534,HOTEL ASTRIA GRAHA,BINTANG 2,CITY HOTEL,JL. DALEM KAUM NO. 130A BANDUNG,410000
535,KARTIKA HOTEL,BINTANG 2,CITY HOTEL,JL. L. L. R. E. MARTADINATA NO. 144 A RIAU BANDUNG JAWA BARAT,410000
536,DANOUFA HOTEL,BINTANG 2,CITY HOTEL,JL. TITIRAN NO.17 SADANG SERANG COBLONG BANDUNG,410000
537,THE POSTER HOTEL MICE,BINTANG 2,BUSSINESS HOTEL,JL. PHH MUSTOFA NO. 33 A BANDUNG,410000
538,ARIANDRI BOUTIQUE GUEST HOUSE,BINTANG 2,GUEST HOUSE,JL. SUKAKARYA NO.15 SURYA SUMANTRI BANDUNG,410000
539,BALTIKA HOTEL,BINTANG 2,CITY HOTEL,JL. GATOT SUBROTO NO. 38 MALABAR LENGKONG BANDUNG JAWA BARAT,410000
540,HOTEL ENDAH PARAHYANGAN,BINTANG 2,CITY HOTEL,JL. RAYA CIBEUREUM NO.14 BANDUNG JAWA BARAT,410000
541,THE EIGHT HOTEL,BINTANG 2,CITY HOTEL,JL. SALENDRO UTARA NO.1 KEL. TURANGGA BANDUNG JAWA BARAT,410000
542,ILOS HOTEL,BINTANG 2,CITY HOTEL,JL. BABAKAN JERUK III NO.37-39 PASTEUR BANDUNG,410000
543,NEW MOONLIGHT HOTEL,BINTANG 2,CITY HOTEL,JL. TERUSAN PASIR KOJA NO. 24-26 BANDUNG,410000
544,EVE HOTEL,BINTANG 2,CITY HOTEL,JL MEKARSARI NO 2 CIBADUYUT BANDUNG JAWA BARAT,410000
545,HOTEL MONTAMERI,BINTANG 2,CITY HOTEL,JL. PEJUANG 45 NO. 77 BANDUNG JAWA BARAT,410000
546,UNIQUE GUEST HOUSE,BINTANG 2,GUEST HOUSE,JL. ENCES AJIS 34 (GARDU JATI) PASIR KALIKI BANDUNG JAWA BARAT,410000
547,SCARLET BUKIT PAKAR HOTEL,BINTANG 2,RESIDENTIAL HOTEL,JL. BUKIT PAKAR TIMUR I NO. 148 A DESA CIBURIAL DAGO ATAS BANDUNG,410000
548,RED DOORZ PLUS CASSA,BINTANG 2,CITY HOTEL,JL. CASSA NO. 2 SUKAWARNA SUKAJADI BANDUNG JAWA BARAT,410000
549,SETRA PRIANGAN GUEST HOUSE,BINTANG 2,GUEST HOUSE,JL. SETRA INDAH UTARA II NO.17 BANDUNG JAWA BARAT,410000
550,WISMA GANDAPURA,BINTANG 2,GUEST HOUSE,JL. R.E MARTADINATA NO. 120 SUMURBANDUNG BANDUNG JAWA BARAT,410000
551,RED DOORZ PVJ,BINTANG 2,DOWN TOWN HOTEL,JL. SUKAJADI NO. 1-3 SUKABUNGAH 40162 BANDUNG,410000
552,KENANGAN HOTEL,BINTANG 2,CITY HOTEL,JL. KEBON SIRIH NO.4 BANDUNG,410000
553,CHERRY HOME,BINTANG 2,CITY HOTEL,JL. BABAKAN JERUK IV NO. 37-39 PASTEUR BANDUNG JAWA BARAT,410000
554,MINE HOME HOTEL CIHAMPELAS,BINTANG 2,DOWN TOWN HOTEL,JL. BAPAK HUSEN DALAM NO. 10 CIHAMPELAS BANDUNG,410000
555,ARAYA HUIS HOMESTAY,BINTANG 2,GUEST HOUSE,JL. BELAKANG PASAR NO. 110 ANDIR BANDUNG,410000
556,DAGO'S HILL BANDUNG,BINTANG 2,CITY HOTEL,JL. TUBAGUS ISMAIL VIII NO.39 A DAGO BANDUNG,410000
557,WOOD HOTEL BANDUNG,BINTANG 2,CITY HOTEL,PANGRANGO TOWER AT PARAHYANGAN RESIDENCES JL. CIUMBULEUIT 125Â  BANDUNG,410000
558,MAGNOLIA BED & BREAKFAST,BINTANG 2,GUEST HOUSE,JL. SINDANG SIRNA II NO.363 SUKAJADI BANDUNG,410000
559,FORA GUEST HOUSE LINGKAR SELATAN,BINTANG 2,GUEST HOUSE,JL. PETA KOMPLEK TAMAN LINGKAR SELATAN NO.22 BANDUNG,410000
560,DE MAYA COTTAGE,BINTANG 2,GUEST HOUSE,JL. BUKIT PAKAR TIMUR V BLOK H 4- NO 16 BANDUNG,410000
561,HOTEL VICTORY,BINTANG 2,CITY HOTEL,JL. PAJAJARAN NO.79 PASIR KALIKI BANDUNG,410000
562,HOTEL NYLAND CIPAGANTI,BINTANG 2,DOWN TOWN HOTEL,JL. A. A. WIRANATA KUSUMAH (CIPAGANTI) NO.14 BANDUNG JAWA BARAT,410000
563,KENANGAN HOTEL BANDUNG,BINTANG 2,CITY HOTEL,JL. KEBON SIRIH NO.4 BANDUNG,410000
564,VENICE GUEST HOUSE BANDUNG,BINTANG 2,GUEST HOUSE,JL. KEBON SIRIH NO.6 BANDUNG,410000
565,THE SUMMIT RESIDENCE BANDUNG,BINTANG 2,CITY HOTEL,JL. CIBOGO BAWAH NO.23-25 CIBOGO BANDUNG,410000
566,CHERRY HOME EXPRESS BANDUNG,BINTANG 2,CITY HOTEL,JL. SURYA SUMANTRI NO. 93 PASTEUR BANDUNG,410000
567,VERONA RESIDENCE BANDUNG,BINTANG 2,RESIDENTIAL HOTEL,JL. BUKIT INDAH NO.9 HEGARMANAH CIUMBULEUIT BANDUNG,410000
568,CASSA DE APPLE BANDUNG,BINTANG 2,CITY HOTEL,JL. APEL NO. 2 DAGO ATAS BANDUNG,410000
569,HOTEL BUMI ASIH GEDUNG SATE BANDUNG,BINTANG 2,CITY HOTEL,JL. CILAMAYA NO. 1 BANDUNG,410000
570,LA NOSTALGIE BOUTIQUE GUEST HOUSE,BINTANG 2,GUEST HOUSE,JL. GALUNGGUNG NO.29 BANDUNG,410000
571,ABADI ASRI HOTEL BANDUNG,BINTANG 2,RESIDENTIAL HOTEL,JL. DR. SETIABUDI NO.287 SETIABUDI BANDUNG JAWA BARAT,410000
572,HI-QUALITY GUEST HOUSE,BINTANG 2,GUEST HOUSE,JL.SANGKURIANG NO.15BANDUNG,410000
573,WISMA JOGLO DAGO,BINTANG 2,GUEST HOUSE,JL. RESOT DAGO PAKAR NO. 19 DAGO BANDUNG,410000
574,RIZH HOTEL,BINTANG 2,CITY HOTEL,JL. TALAGA BODAS NO.6 MALABAR LENGKONG BANDUNG JAWA BARAT,410000
575,VELEZA HOTEL,BINTANG 2,CITY HOTEL,JL. LENGKONG KECIL NO. 84 LENGKONG BANDUNG,410000
576,IMAGE HOTEL AND RESTO,BINTANG 2,CITY HOTEL,JL. LENGKONG BESAR NO. 145 LENGKONG BANDUNG,410000
577,ARWIGA HOTEL,BINTANG 2,RESIDENTIAL HOTEL,JL.SEDERHANA NO.53 BANDUNG JAWA BARAT,410000
578,HOTEL SABANG BANDUNG,BINTANG 1,CITY HOTEL,JL. SABANG NO. 101 CITARUM BANDUNG WETAN KOTA BANDUNG JAWA BARAT,230000
579,THE BLESSING HOUSE BED AND BREAKFAST,BINTANG 1,CITY HOTEL,JL. CIHAMPELAS NO. 186 KAV. 16 LT. 2 CIHAMPELAS BANDUNG,230000
580,SEBELAS HOTEL BANDUNG,BINTANG 1,CITY HOTEL,JL. PALASARI NO. 32 LENGKONG BANDUNG JAWA BARAT,230000
581,HOTEL BUKIT DJUANDA,BINTANG 1,RESIDENTIAL HOTEL,JL. IR. H. JUANDA NO. 448 BANDUNG,230000
582,HOTEL HARMONY INN BANDUNG,BINTANG 1,CITY HOTEL,JL. TALAGABODAS NO. 62 BANDUNG JAWA BARAT,230000
583,PENSION GUEST HOUSE,BINTANG 1,GUEST HOUSE,JL. SABANG NO. 42 BANDUNG,230000
584,PELE BACKPACKER GUEST HOUSE,BINTANG 1,GUEST HOUSE,JL. TAMAN PELESIRAN 1 NO. 5 DAGO BANDUNG JAWA BARAT,230000
585,KARMILA HOTEL,BINTANG 1,RESIDENTIAL HOTEL,JL. IR. H. JUANDA NO. 32 DAGO BANDUNG WETAN KOTA BANDUNG,230000
586,CHEZ BON HOSTEL,BINTANG 1,HOSTEL,JL. BRAGA NO. 45 BANDUNG,230000
587,HOTEL PUTRI LARASATI,BINTANG 1,GUEST HOUSE,JL. KANAYAKAN LAMA BLOK A NO. 40 DAGO COBLONG BANDUNG,230000
588,SM RESIDENCE PASTEUR,BINTANG 1,GUEST HOUSE,JL. BABAKAN JERUK INDAH I NO.11 BANDUNG JAWA BARAT,230000
589,SA'CI GUEST HOUSE,BINTANG 1,GUEST HOUSE,JL. CIPEDES SELATAN NO. 1 KELURAHAN SUKABUNGA SUKAJADI BANDUNG,230000
590,THE JARDIN APARTMENT,BINTANG 1,APARTMENT,JL. CIHAMPELAS NO. 10 CIHAMPELAS BANDUNG JAWA BARAT,230000
591,SIMPLY HOMY GUEST HOUSE,BINTANG 1,GUEST HOUSE,JL. DR. DJUNJUNAN DALAM NO. 2 PASTEUR BANDUNG JAWA BARAT,230000
592,GUEST HOUSE BALI,BINTANG 1,GUEST HOUSE,JL. SUKABIRUS RT 01/ RW 13 NO. 03 BOJONGSOANG BANDUNG JAWA BARAT,230000
593,RADIO BACKPACKER GUESTHOUSE,BINTANG 1,GUEST HOUSE,JL. BABAKAN RADIO MEGA ASRI BLOK E3 NO.5 CICENDO BANDUNG,230000
594,HOTEL LODAYA,BINTANG 1,CITY HOTEL,"JL. LODAYA NO. 83 BURANGRANGÂ 
  LENGKONG BANDUNG",230000
595,P HOSTEL,BINTANG 1,HOSTEL,"JL. PETA NO. 21Â  ASTANAANYAR
  BANDUNG JAWA BARAT",230000
596,GANIA HOTEL,BINTANG 1,CITY HOTEL,JL. VETERAN NO. 30 SUMURBANDUNG BANDUNG JAWA BARAT,230000
597,TEN HOUSE BANDUNG,BINTANG 1,GUEST HOUSE,JL. BABAKAN JERUK I NO.10 PASTEUR BANDUNG JAWA BARAT,230000
598,ASOKA INN,GUEST HOUSE,GUEST HOUSE,JL. SURYA SUMANTRI KAV 4B BANDUNG,182500
599,ASOKA HOTEL,GUEST HOUSE,CITY HOTEL,JL.LENGKONG BESAR NO. 62 LENGKONG BANDUNG,182500
600,JAKSA GUEST HOUSE,GUEST HOUSE,GUEST HOUSE,JL. JAKSA NO.1 PUNGKUR BANDUNG JAWA BARAT,182500
601,SAKURA GUEST HOUSE,GUEST HOUSE,GUEST HOUSE,JL. LINGGAWASTU NO. 3 DAGO COBLONG BANDUNG JAWA BARAT,182500
602,HOTEL PROGO,GUEST HOUSE,CITY HOTEL,JL. PROGO NO. 6 RIAU BANDUNG,182500
603,WISMA ASIA BUNDO,GUEST HOUSE,GUEST HOUSE,JL. PELAJAR PEJUANG 45 NO. 22 A LINGKAR SELATAN BANDUNG,182500
604,PINISI BACKPACKER,GUEST HOUSE,GUEST HOUSE,JL. PASIRKALIKI BELAKANG NO. 84 PASIRKALIKI BANDUNG JAWA BARAT,182500
605,HOTEL BOULEVARD,GUEST HOUSE,CITY HOTEL,JL. TALAGABODAS NO. 106 BANDUNG JAWA BARAT,182500
606,CLEO GUEST HOUSE BANDUNG,GUEST HOUSE,GUEST HOUSE,JL.CEMARA NO.51 SUKAJADI BANDUNG,182500
607,KUWERA INN GUESTHOUSE BANDUNG,GUEST HOUSE,GUEST HOUSE,JL. TERUSAN CIGADUNG NO.9 SEKELOA COBLONG BANDUNG,182500
608,HOMESTAY SETIABUDI SYARIAH BANDUNG,GUEST HOUSE,GUEST HOUSE,JL. SETIABUDHI NO. 347A SETIABUDI BANDUNG,182500
609,ALDORA HOUSE BANDUNG,GUEST HOUSE,GUEST HOUSE,JL. SURYALAYA NO. 30 LENGKONG BANDUNG JAWA BARAT,182500
610,BOBOBOX PODS PASKAL BANDUNG,GUEST HOUSE,GUEST HOUSE,JL. PASIR KALIKI NO.76A PASIR KALIKI CICENDO BANDUNG,182500
611,HAZEL HOUSE,GUEST HOUSE,GUEST HOUSE,JL. REREONGAN SARUPI NO. 1 RT. 05 / 03 CIUMBULEUIT BANDUNG,182500
612,DE BUKIT ATAS AWAN VILLA,GUEST HOUSE,GUEST HOUSE,JL. BUKIT PAKAR TIMUR XI DAGO BANDUNG JAWA BARAT,182500
613,HYPER HOMESTAY,GUEST HOUSE,GUEST HOUSE,JL. CIPTA GRAHA RAYA KOMPLEK CIPTA GRAHA BLOK C NO.10Â  CICENDO BANDUNG,182500
614,ZEN ROOM BASIC UNINUS SYARIAH,GUEST HOUSE,GUEST HOUSE,JL. CIJAWURA GIRANG 2 NO. 5 SEKEJATI BANDUNG,182500
615,JF HOTEL,GUEST HOUSE,DOWN TOWN HOTEL,JL. CIHAMPELAS NO. 202,182500
616,HOTEL PUMA,GUEST HOUSE,DOWN TOWN HOTEL,JL. CIHAMPELAS NO. 153,182500
617,PURI TOMAT,GUEST HOUSE,GUEST HOUSE,JL. IR. H. JUANDA NO. 420,182500
618,ROYAL CORNER,GUEST HOUSE,CITY HOTEL,JL. WASTUKENCANA NO. 8,182500
619,THE TRANS LUXURY HOTEL,BINTANG 5,BUSSINESS HOTEL,JL. JENDERAL GATOT SUBROTO NO 289 BANDUNG KOTA BANDUNG,1125000
620,ARYADUTA BANDUNG,BINTANG 5,DOWN TOWN HOTEL,JL. SUMATERA NO. 51 BANDUNG INDONESIA,1125000
621,CROWNE PLAZA BANDUNG,BINTANG 5,CITY HOTEL,JL. LEMBONG NO.19 BANDUNG INDONESIA,1125000
622,PRAMA GRAND PREANGER BANDUNG,BINTANG 5,CITY HOTEL,JL. ASIA AFRIKA NO.81 BANDUNG,1125000
623,G.H UNIVERSAL,BINTANG 5,RESIDENTIAL HOTEL,JL.SETIABUDHI NO.376 BANDUNG,1125000
624,GRAND AQUILA BANDUNG,BINTANG 5,DOWN TOWN HOTEL,JL. DR. DJUNJUNAN NO. 116 PASTEUR BANDUNG JAWA BARAT,1125000
625,THE PAPANDAYAN,BINTANG 5,CITY HOTEL,JL. JENDERAT GATOT SUBROTO NO.83 MALABAR LENGKONG BANDUNG JAWA BARAT,1125000
626,PADMA HOTEL,BINTANG 5,RESORT HOTEL,JL. RANCA BENTANG 56-58 CIUMBULEUIT BANDUNG,1125000
627,INTERCONTINENTAL BANDUNG DAGO PAKAR,BINTANG 5,RESORT HOTEL,JL. RESOR DAGO PAKAR RAYA 2B DAGO ATAS BANDUNG,1125000
628,SHERATON BANDUNG HOTEL AND TOWER,BINTANG 5,RESORT HOTEL,JL. IR HAJI JUANDA NO 390 BANDUNG,1125000
629,HILTON BANDUNG,BINTANG 5,CITY HOTEL,JL. HOS TJOKROAMINOTO NO. 41-43 PASIR KALIKI BANDUNG,1125000
630,STAY GUARANTEE HOTEL,BINTANG 4,CITY HOTEL,JL. SUMATERA NO. 51 BANDUNG MERDEKA BANDUNG JAWA BARAT INDONESIA,875000
631,COURTYARD BY MARRIOTT BANDUNG DAGO,BINTANG 4,CITY HOTEL,JL. IR. H. JUANDA NO 31 - 33 BANDUNG WETAN 40116 BANDUNG INDONESIA,875000
632,GARDEN PERMATA HOTEL,BINTANG 4,DOWN TOWN HOTEL,JL. LEMAHNENDEUT NO 7 PASTEUR BANDUNG,875000
633,EL ROYALE HOTEL,BINTANG 4,CITY HOTEL,JL. MERDEKA NO. 2 BANDUNG JAWA BARAT,875000
634,ASTON PASTEUR,BINTANG 4,DOWN TOWN HOTEL,JL. DR. DJUNJUNAN 162 PASTEUR BANDUNG JAWA BARAT,875000
635,GRAND TJOKRO BANDUNG,BINTANG 4,DOWN TOWN HOTEL,JL. CIHAMPELAS NO. 211-217 BANDUNG JAWA BARAT,875000
636,ASTON TROPICANA,BINTANG 4,DOWN TOWN HOTEL,JL. CIHAMPELAS NO.125-129 BANDUNG JAWA BARAT,875000
637,THE 101 BANDUNG DAGO,BINTANG 4,DOWN TOWN HOTEL,JL. IR. H. JUANDA NO.3 BANDUNG JAWA BARAT,875000
638,WEST POINT HOTEL,BINTANG 4,CITY HOTEL,JL. GARUDA NO.63 BANDUNG JAWA BARAT,875000
639,THE VALLEY RESORT HOTEL,BINTANG 4,RESORT HOTEL,JL. LEMBAH PAKAR TIMUR NO. 28 DAGO BANDUNG,875000
640,HARRIS HOTEL & CONVENTIONS CIUMBULEUIT,BINTANG 4,RESORT HOTEL,JL. CIUMBULEUIT NO.50-58 BANDUNG JAWA BARAT,875000
641,THE JAYAKARTA,BINTANG 4,BOUTIQUE HOTEL,JL. IR. JUANDA NO.381 A BANDUNG,875000
642,GRAND PASUNDAN CONVENTION HOTEL,BINTANG 4,BUSSINESS HOTEL,JL. PETA NO.147-149 LINGKAR SELATAN BANDUNG,875000
643,SHAKTI HOTEL,BINTANG 4,CITY HOTEL,JL. SOEKARNO HATTA NO.735 GEDE BAGE BANDUNG,875000
644,ART DECO LUXURY HOTEL AND RESIDENCE,BINTANG 4,RESIDENTIAL HOTEL,JL. RANCABENTANG NO. 2A CIUMBULEUIT BANDUNG,875000
645,THE LUXTON BANDUNG,BINTANG 4,CITY HOTEL,JL. IR. H. JUANDA NO.18 BANDUNG JAWA BARAT,875000
646,HARRIS HOTEL & CONVENTIONS,BINTANG 4,DOWN TOWN HOTEL,JL. PETA NO.241 PASIR KOJA BANDUNG,875000
647,THE GREEN FOREST RESORT,BINTANG 4,RESORT HOTEL,JL. SERSAN BAJURI NO.102 CIHIDEUNG SETIABUDI BANDUNG,875000
648,GRAND ARSILIA HOTEL & CONVENTION,BINTANG 4,BUSSINESS HOTEL,JL. PELAJAR PEJUANG 45 NO. 123 LENGKONG BANDUNG,875000
649,GRAND SETIABUDI HOTEL,BINTANG 4,RESORT HOTEL,JL. SETIABUDHI NO.130-134 BANDUNG,875000
650,GALERI CIUMBULEUIT HOTEL,BINTANG 4,RESIDENTIAL HOTEL,JL. CIUMBULEUIT NO.42A BANDUNG,875000
651,MASON PINE HOTEL,BINTANG 4,CITY HOTEL,JL. RAYA PARAHYANGAN KM 1.8 CIPEUNDEUY PADALARANG BANDUNG,875000
652,BEST WESTERN PRIMER LA GRANDE,BINTANG 4,CITY HOTEL,JL. MERDEKA NO.25-29 SUMURBANDUNG BANDUNG,875000
653,HOLIDAY INN,BINTANG 4,DOWN TOWN HOTEL,JL. DR. DJUNJUNAN NO.96 PASTEUR BANDUNG JAWA BARAT,875000
654,THE GRANDIA HOTEL,BINTANG 4,DOWN TOWN HOTEL,JL. CIHAMPELAS NO.82 PASTEUR BANDUNG,875000
655,D PAVILJOEN HOTEL,BINTANG 4,CITY HOTEL,JL. R.E. MARTADINATA NO.68 BANDUNG,875000
656,GRAND PREANGER,BINTANG 4,CITY HOTEL,JL. ASIA AFRIKA NO. 81,875000
657,HOTEL HORISON BANDUNG,BINTANG 4,CITY HOTEL,JL. PELAJAR PEJUANG 45 NO. 121,875000
658,HYATT REGENCY BANDUNG,BINTANG 4,CITY HOTEL,JL. SUMATERA NO. 51,875000
659,SAVOY HOMAN,BINTANG 4,DOWN TOWN HOTEL,JL. ASIA AFRIKA NO. 112,875000
660,THE ARDJUNA BOUTIQUE HOTEL,BINTANG 4,BOUTIQUE HOTEL,JL. CIUMBULEUIT NO. 152,875000
661,TRAVELLO HOTEL,BINTANG 4,CITY HOTEL,JL. SETIABUDHI NO. 268 BANDUNG,875000
662,GRAND TEBU HOTEL,BINTANG 4,CITY HOTEL,JL. R.E MARTADINATA NO. 207 BANDUNG JAWA BARAT,875000
663,PRIME PARK HOTEL,BINTANG 4,CITY HOTEL,JL. MUSTOFA NO.47-57 BANDUNG,875000
664,REGATA HOTEL,BINTANG 4,DOWN TOWN HOTEL,JL. DR. SETIABUDHI NO. 35 BANDUNG,875000
665,MARBELLA HOTEL,BINTANG 4,CITY HOTEL,JL. SENTRA DAGO PAKAR DAGO BANDUNG,875000
666,THE MAJESTY HOTEL,BINTANG 4,CITY HOTEL,JL. SURYA SUMANTRI NO.91 BANDUNG,875000
667,ASTON BRAGA HOTEL AND RESIDENCE,BINTANG 4,RESIDENTIAL HOTEL,JL. BRAGA NO.99-101 BANDUNG,875000
668,ARION SWISS-BEL HOTEL,BINTANG 4,CITY HOTEL,JL. OTTO ISKANDARDINATA NO.16 BANDUNG,875000
669,HAY HOTEL BANDUNG,BINTANG 4,CITY HOTEL,JL. TRUNO JOYO NO. 19 BANDUNG,875000
670,SUMMER HIILLS PRIVATE VILLAS AND HOTEL,BINTANG 4,RESIDENTIAL HOTEL,JL. SETRASARI RAYA NO.10 BANDUNG,875000
671,FOX HARIIS CITY CENTER BANDUNG,BINTANG 4,CITY HOTEL,JL. JAWA NO. 3 SUMUR BANDUNG KOTA BANDUNG JAWA BARAT,875000
672,PARK VIEW HOTEL,BINTANG 4,CITY HOTEL,JL. SUKAJADI NO.153 BANDUNG,875000
673,GRAND MERCURE HOTEL,BINTANG 4,RESIDENTIAL HOTEL,JL. DR. SETIABUDI NO. 269 LEMBANG BANDUNG,875000
674,FOUR POINT HOTEL BY SHERATON,BINTANG 4,DOWN TOWN HOTEL,JL IR. H JUANDA NO 46 DAGO BANDUNG,875000
675,NOVOTEL BANDUNG,BINTANG 4,CITY HOTEL,JL.CIHAMPELAS NO 23 25 CIPAGANTI BANDUNG,875000
676,SENSA HOTEL,BINTANG 4,CITY HOTEL,JL. CIHAMPELAS 160 CIHAMPELAS BANDUNG,875000
677,SANDALWOOD HOTEL,BINTANG 4,BOUTIQE HOTEL,JL. SESKOAU NO. 1 LEMBANG BANDUNG,875000
678,NOVENA HOTEL,BINTANG 3,RESIDENTIAL HOTEL,JL. RAYA LEMBANG NO.2 LEMBANG BANDUNG JAWA BARAT,690000
679,V HOTEL,BINTANG 3,RESIDENTIAL HOTEL,JL. TERUSAN SUTAMI III NO. 1 PASTEUR BANDUNG JAWA BARAT,690000
680,YELLO HOTEL PASKAL BANDUNG,BINTANG 3,DOWN TOWN HOTEL,JL. PASAR KALIKI NO. 25 PASIR KALIKI BANDUNG JAWA BARAT,690000
681,BALI WORLD HOTEL,BINTANG 3,CITY HOTEL,JL. SOEKARNO HATTA NO.713 BY-PASS TIMUR SOEKARNO HATTA BYPASS BANDUNG,690000
682,DAGO HIGHLAND RESORT,BINTANG 3,RESORT HOTEL,JL. BUKIT PAKAR TIMUR IV NO.88 DAGO BANDUNG,690000
683,FAVE HOTEL,BINTANG 3,DOWN TOWN HOTEL,JL. PASIR KALIKI NO.25-27 BANDUNG,690000
684,GRAND CORDELA HOTEL,BINTANG 3,CITY HOTEL,JL. SOEKARNO HATTA NO. 791 B BANDUNG,690000
685,ZEST HOTEL,BINTANG 3,CITY HOTEL,JL. SUKAJADI NO.16 BANDUNG,690000
686,GRAND SOVIA HOTEL,BINTANG 3,CITY HOTEL,JL. KEBON KAWUNG NO.16 BANDUNG,690000
687,METRO INDAH BANDUNG HOTEL,BINTANG 3,DOWN TOWN HOTEL,JL. SOEKARNO HATTA NO.590 BANDUNG JAWA BARAT,690000
688,BTC HOTEL,BINTANG 3,DOWN TOWN HOTEL,JL. DR. DJUNJUNAN 143-149 PASTEUR BANDUNG,690000
689,DBEST HOTEL SOFIA DAGO,BINTANG 3,RESIDENTIAL HOTEL,JL. TEUKU ANGKASA NO.27 BANDUNG JAWA BARAT,690000
690,MUTIARA HOTEL BANDUNG,BINTANG 3,CITY HOTEL,JL. KEBON KAWUNG NO.60 BANDUNG JAWA BARAT,690000
691,GRAND PARADISE HOTEL,BINTANG 3,RESORT HOTEL,JL.RAYA TANGKUBAN PERAHU NO.50LEMBANGBANDUNG,690000
692,GRAND HOTEL LEMBANG,BINTANG 3,RESORT HOTEL,JL. RAYA LEMBANG NO.272 LEMBANG BANDUNG,690000
693,THE SUMMIT SILIWANGI HOTEL,BINTANG 3,CITY HOTEL,JL. SERAM NO.5 RIAU BANDUNG,690000
694,D'BEST HOTEL PASAR BARU,BINTANG 3,DOWN TOWN HOTEL,JL. OTO ISKANDARDINATA NO.460 ASTANA ANYAR BANDUNG,690000
695,HOTEL NALENDRA BANDUNG,BINTANG 3,DOWN TOWN HOTEL,JL.CIHAMPELAS NO.225-2229 BANDUNG,690000
696,PANORAMA LEMBANG HOTEL,BINTANG 3,RESORT HOTEL,JL. TANGKUBAN PERAHU NO. 29 LEMBANG BANDUNG,690000
697,NEO DIPATIUKUR BANDUNG,BINTANG 3,CITY HOTEL,JL. DIPATIUKUR NO.72-74 BANDUNG JAWA BARAT,690000
698,KEDATON HOTEL BANDUNG,BINTANG 3,CITY HOTEL,JL. SUNIARAJA NO.14 BANDUNG,690000
699,GEARY HOTEL BANDUNG,BINTANG 3,CITY HOTEL,JL. KEBON KAWUNG NO. 12 PASIR KALIKI BANDUNG JAWA BARAT,690000
700,HOTEL PESONA BAMBOE,BINTANG 3,RESORT HOTEL,JL. RAYA LEMBANG NO. 227 LEMBANG BANDUNG,690000
701,IBIS STYLES BANDUNG BRAGA,BINTANG 3,CITY HOTEL,JL. BRAGA NO. 8 BANDUNG,690000
702,ARDAN HOTEL,BINTANG 3,CITY HOTEL,JL. SEDERHANA NO.8-10 SUKAJADI BANDUNG,690000
703,HOUSE OF SANGKURIANG,BINTANG 3,GUEST HOUSE,JL. SANGKURIANG NO.1 BANDUNG,690000
704,IBIS BANDUNG PASTEUR,BINTANG 3,CITY HOTEL,JL. DOKTER DJUNJUNAN NO. 22 PASTEUR BANDUNG,690000
705,HOTEL CEMERLANG,BINTANG 3,CITY HOTEL,JL. HOS TJOKROAMINOTO NO.45 PASIR KALIKI BANDUNG,690000
706,EL CAVANA HOTEL,BINTANG 3,DOWN TOWN HOTEL,JL. STASIUN BARAT NO.25-27 BANDUNG JAWA BARAT,690000
707,HOTEL MITRA BANDUNG,BINTANG 3,CITY HOTEL,JL. WR. SUPRATMAN NO.98 BANDUNG,690000
708,THE NEWTON HOTEL BANDUNG,BINTANG 3,CITY HOTEL,JL. RE. MARTATADINATA NO.223-227 BANDUNG,690000
709,PROMENADE HOTEL,BINTANG 3,DOWN TOWN HOTEL,JL. CIHAMPELAS NO. 119-121 CIHAMPELAS,690000
710,DE RAIN BANDUNG MANAGED BY DAFAM,BINTANG 3,CITY HOTEL,JL. LENGKONG KECIL NO.76-80 PALEDANG LENGKONG BANDUNG,690000
711,NEW SANY ROSA HOTEL,BINTANG 3,RESIDENTIAL HOTEL,JL. HEGARMANAH NO.2A CIUMBULEUIT BANDUNG,690000
712,PATRA COMFORT BANDUNG,BINTANG 3,CITY HOTEL,JL. IR. H. JUANDA NO.132 BANDUNG,690000
713,THE CIPAKU GARDEN HOTEL,BINTANG 3,RESIDENTIAL HOTEL,JL. CIPAKU INDAH X NO. 2-4 SETIABUDI BANDUNG,690000
714,SHEO HOTEL,BINTANG 3,CITY HOTEL,JL. CIUMBULEUIT NO.152 BANDUNG JAWA BARAT,690000
715,HOTEL DAFAM RIO,BINTANG 3,CITY HOTEL,JL. L.L.R.E MARTADINATA NO. 160 RIAU BANDUNG,690000
716,MOSCATO HOTEL &CAFÃÃÎ©,BINTANG 3,CITY HOTEL,JL. RAYA LEMBANG NO.11 BANDUNG,690000
717,PASAR BARU SQUARE HOTEL BANDUNG,BINTANG 3,DOWN TOWN HOTEL,JL. OTTO ISKANDARDINATA NO.81-89 BANDUNG,690000
718,GRAND VIVEANA HOTEL,BINTANG 3,CITY HOTEL,JL. PADJAJARAN NO. 73 CICENDO BANDUNG,690000
719,KEMBANG HOTEL,BINTANG 3,DOWN TOWN HOTEL,JL. CIHAMPELAS NO. 100 SUKAJADI 40011 BANDUNG,690000
720,EXECELLENT SEVEN HOTEL,BINTANG 3,CITY HOTEL,JL. DR. ERLICH NO. 7. DR.OTTEN-PASTURE KOTA BANDUNG,690000
721,VIO HOTEL CIMANUK,BINTANG 3,CITY HOTEL,JL. CIMANUK NO.15 CITARUM BANDUNG WETAN KOTA BANDUNG JAWA BARAT,690000
722,SUKAJADI HOTEL,BINTANG 3,CITY HOTEL,JL. SUKAJADI NO.176 SUKAJADI BANDUNG JAWA BARAT,690000
723,CINNAMON HOTEL BOUTIQUE SYARIAH,BINTANG 3,BOUTIQE HOTEL,JL. SETIABUDHI NO. 300 BANDUNG,690000
724,HORISON KARANG SETRA RESORTS BANDUNG,BINTANG 3,RESORT HOTEL,JL. BUNGUR NO. 2 SUKAJADI BANDUNG,690000
725,SAPADIA GUEST HOUSE,BINTANG 3,GUEST HOUSE,JL. MUNDING LAYA NO.2 CIKAPAYANG COBLONG BANDUNG,690000
726,VERONA PALACE HOTEL,BINTANG 3,CITY HOTEL,JL. SURYA SUMANTRI 36 BANDUNG,690000
727,HOTEL NYLAND PASTEUR,BINTANG 3,DOWN TOWN HOTEL,JL. DR. DJUNDJUNAN NO.125 (TERUSAN PASTEUR) BANDUNG,690000
728,RED DOORZ TALAGA BODAS,BINTANG 3,CITY HOTEL,"JL. TALAGA BODAS NO. 6-8Â  LENGKONG
  BANDUNG",690000
729,NAMIN DAGO HOTEL,BINTANG 3,RESIDENTIAL HOTEL,JL.HASANUDIN NO.10 DAGO BANDUNG JAWA BARAT,690000
730,HOTEL LINGGA BANDUNG,BINTANG 3,CITY HOTEL,JL. SOEKARNO HATTA NO.464 SOEKARNO HATTA BYPASS BANDUNG,690000
731,FABU HOTEL BANDUNG,BINTANG 3,CITY HOTEL,JL. KEBON JATI NO.32 BANDUNG,690000
732,RED DOORZ TSM,BINTANG 3,CITY HOTEL,JL. SALEDRI NO.18 LINGKAR SELATAN BANDUNG,690000
733,ANGGREK GANDASARI HOTEL,BINTANG 3,CITY HOTEL,JL. SERAM NO.3 BANDUNG JAWA BARAT,690000
734,BUMI BANDHAWA HOTEL,BINTANG 3,RESIDENTIAL HOTEL,JL. KONSTITUSI 1/16 CIGADUNG DAGO BANDUNG,690000
735,D'SOVIA HOTEL,BINTANG 3,CITY HOTEL,JL. GARDU JATI NO. 81 - 83 BANDUNG,690000
736,THE PALAIS DAGO HOTEL,BINTANG 3,RESIDENTIAL HOTEL,JL. IR. H. JUANDA NO.90 DAGO BANDUNG,690000
737,RED DOORZ BABAKAN JERUK,BINTANG 3,CITY HOTEL,JL. BABAKAN JERUK I NO. 10 SUKAGALIH SUKAJADI BANDUNG,690000
738,AHADIAT HOTEL & BUNGALOW,BINTANG 3,RESORT HOTEL,JL. SINDANG SIRNA ELOK (PROF.SUTAMI) NO. 9 SETRASASI SUKAJADI BANDUNG,690000
739,D'BATOE BOUTIQE HOTEL,BINTANG 3,BOUTIQE HOTEL,JL. PASIR KALIKI 78 BANDUNG,690000
740,SCARLET DAGO HOTEL,BINTANG 3,RESIDENTIAL HOTEL,JL. SILIWANGI NO.5 DAGO BANDUNG,690000
741,THE SILK HOTEL BANDUNG,BINTANG 3,RESIDENTIAL HOTEL,JL. IR. H. JUANDA NO. 392 DAGO BANDUNG,690000
742,THE SUITES BY EMJI GROUP,BINTANG 3,CITY HOTEL,JL. SOEKARNO HATTA NO 698 BUAH BATU BANDUNG,690000
743,U VILLAGE HOTEL,BINTANG 3,RESORT HOTEL,JL. BUKIT TUNGGUL NO. 8 CIUMBULEUIT BANDUNG,690000
744,VILLA DAGO HOTEL SYARIAH,BINTANG 3,GUEST HOUSE,JL. MAWAR 2 NO. 42A DAGO ATAS BANDUNG,690000
745,HOLAMIGOS,BINTANG 3,GUEST HOUSE,JL. AHMAD YANI NO. 669 PADASUKA,690000
746,THE BATIK BED & COFFEE,BINTANG 3,CITY HOTEL,JL. SRIWIJAYA NO. 121 BANDUNG,690000
747,ASMILA BOUTIQE,BINTANG 3,BOUTIQE HOTEL,JL. DR. SETIABUDHI NO. 54 SETIABUDI BANDUNG,690000
748,HOTEL UTARI DAGO,BINTANG 3,RESIDENTIAL HOTEL,JL. IR. H JUANDA NO. 50 DAGO COBLONG BANDUNG,690000
749,DAILY HOME APARTMENT,BINTANG 3,APARTMENT,JL. SETIABUDI NO. 130-134 SETIABUDI BANDUNG,690000
750,HOTEL BILIQUE,BINTANG 3,RESIDENTIAL HOTEL,JL. SERSAN BAJURI NO. 100,690000
751,TOPAS GALLERY,BINTANG 3,DOWN TOWN HOTEL,JL. DR. DJUNDJUNAN NO. 153,690000
752,HOTEL TRIO,BINTANG 3,CITY HOTEL,JL. GARDUJATI NO. 55-61,690000
753,HOTEL SUKAJADI,BINTANG 3,DOWN TOWN HOTEL,JL. SUKAJADI NO. 176,690000
754,HOTEL MUTIARA,BINTANG 3,CITY HOTEL,JL. KEBON KAWUNG NO. 60,690000
755,NALENDRA,BINTANG 3,DOWN TOWN HOTEL,JL. CIHAMPELAS NO. 227-229,690000
756,CIPAKU GARDEN HOTEL,BINTANG 3,RESORT HOTEL,JL.CIPAKU XI NO. 2,690000
757,GRAND SERELA,BINTANG 3,CITY HOTEL,JL. R.E. MARTADINATA NO. 56,690000
758,HOTEL GUCI,BINTANG 3,CITY HOTEL,JL. PASIR KALIKI NO. 53-55,690000
759,INTERNATIONAL IMPERIUM,BINTANG 3,DOWN TOWN HOTEL,JL. DR. RUM NO. 30-32,690000
760,HOTEL KEDATON,BINTANG 3,CITY HOTEL,JL. SUNIARAJA NO. 14,690000
761,NEW NARIPAN,BINTANG 3,CITY HOTEL,JL. NARIPAN NO. 31-35,690000
762,HOTEL PERDANA WISATA,BINTANG 3,CITY HOTEL,JL. JEND. SUDIRMAN NO. 66-68,690000
763,SANTIKA,BINTANG 3,CITY HOTEL,JL. SUMATERA NO. 52-54,690000
764,HOTEL IBIS TSM,BINTANG 3,CITY HOTEL,JL. GATOT SUBROTO NO. 289,690000
765,THE GUESTHOUSE CIPEDES,BINTANG 3,GUEST HOUSE,JL. CIPEDES ATAS NO. 86B BANDUNG,690000
766,OBC GUEST HOUSE,BINTANG 3,GUEST HOUSE,JL. RANCABENTANG 1 NO.3A CIUMBULEUIT BANDUNG,690000
767,SWEET KARINA HOTEL,BINTANG 3,CITY HOTEL,JL. TERUSAN BABAKAN JERUK IV NO.38 BANDUNG JAWA BARAT,690000
768,CASSADUA HOTEL,BINTANG 3,CITY HOTEL,JL. CASSA NO.2 PASTEUR BANDUNG,690000
769,NARAYA HOUSE,BINTANG 3,CITY HOTEL,JL. KH. AHMAD DAHLAN NO. 20 LENGKONG BANDUNG JAWA BARAT,690000
770,OTTEN INN,BINTANG 3,CITY HOTEL,JL. DR. OTTEN NO. 28 PASTEUR BANDUNG JAWA BARAT,690000
771,CATELLYA GUEST HOUSE,BINTANG 3,GUEST HOUSE,JL. CIPAKU INDAH III NO. 11 SETIABUDHI BANDUNG,690000
772,DE BEVERLY DAGO APARTMENT,BINTANG 3,APARTMENT,JL. SANGKURIANG NO. 15 BANDUNG JAWA BARAT,690000
773,RED DOORZ APARTMENT,BINTANG 3,APARTMENT,JL. SOEKARNO HATTA NO. 689B BANDUNG 40286 JAWA BARAT,690000
774,RED DOORZ GEDUNG SATE,BINTANG 3,CITY HOTEL,JL. ARIA JIPANG NO. 6 CITARUM BANDUNG,690000
775,RED DOORZ PASTEUR,BINTANG 3,DOWN TOWN HOTEL,"JL. PDAM NO.7 SUKAMULYA PASTEUR 40162Â 
  BANDUNG",690000
776,POP HOTEL BANDUNG FESTIVAL CITY LINK,BINTANG 2,CITY HOTEL,JL. PETA 241 PASIR KOJA BANDUNG,410000
777,TAMANSARI PANORAMIC,BINTANG 2,CITY HOTEL,JL. SOEKARNO HATTA NO. 783A BANDUNG,410000
778,VIO CIHAMPELAS,BINTANG 2,DOWN TOWN HOTEL,JL. CIHAMPELAS NO. 108 BANDUNG JAWA BARAT,410000
779,ALAM PERMAI,BINTANG 2,CITY HOTEL,JL. DR. SETIABUDI NO. 432,410000
780,BUMI ASIH,BINTANG 2,CITY HOTEL,JL. CILAMAYA NO. 1,410000
781,DE'QUR,BINTANG 2,CITY HOTEL,JL. DIPATIUKUR NO. 27,410000
782,HOTEL KING GARDEN,BINTANG 2,CITY HOTEL,JL. GARDUJATI NO. 81-83,410000
783,ROYAL PALACE,BINTANG 2,CITY HOTEL,JL. LEMBONG NO. 21,410000
784,HOTEL CITRADREAM BANDUNG,BINTANG 2,CITY HOTEL,JL PASIR KALIKI NO 36-42 BANDUNG,410000
785,AMARIS HOTEL CIHAMPELAS,BINTANG 2,DOWN TOWN HOTEL,JL. CIHAMPELAS NO.171 BANDUNG,410000
786,HOTEL AUGUSTA VALLEY,BINTANG 2,RESIDENTIAL HOTEL,JL. CIPAKU NO. 19 SETIABUDI BANDUNG,410000
787,RED DOORZ WASTU KENCANA,BINTANG 2,CITY HOTEL,JL. LINGGAWASTU NO. 3 BANDUNG WETAN TAMAN SARI JAWA BARAT,410000
788,RED DOORZ PLUS,BINTANG 2,DOWN TOWN HOTEL,JL. CIHAMPELAS NO. 179 CIHAMPELAS BANDUNG,410000
789,HOTEL GHOTIC,BINTANG 2,CITY HOTEL,JL.SOEKARNO HATTA NO.534 BANDUNG,410000
790,HOTEL 88 KOPO BANDUNG,BINTANG 2,CITY HOTEL,JL. KOPO CIRANGRANG NO. 459 BANDUNG,410000
791,GRAHA CIUMBULEUIT GUEST HOUSE,BINTANG 2,GUEST HOUSE,JL. CIUMBULEUIT NO.156 BANDUNG,410000
792,HOTEL AUGUSTA SURAPATI,BINTANG 2,CITY HOTEL,JL. SURAPATI NO.203 BANDUNG,410000
793,HOTEL SERENA BANDUNG,BINTANG 2,CITY HOTEL,JL. MARJUK NO.4-6 KEBON KAWUNG BANDUNG,410000
794,NAVAL HOTEL,BINTANG 2,CITY HOTEL,JL. SUKAJADI NO.180 SUKAJADI BANDUNG,410000
795,AMIRA HOTEL,BINTANG 2,CITY HOTEL,JL. DANGDEUR INDAH NO.20 BANDUNG,410000
796,HOTEL CITARUM,BINTANG 2,CITY HOTEL,JL. CITARUM NO. 16 BANDUNG,410000
797,HOTEL HARAPAN INDAH,BINTANG 2,CITY HOTEL,JL. GATOT SUBROTO NO. 45 B LENGKONG BANDUNG,410000
798,BUKIT DAGO HOTEL,BINTANG 2,RESIDENTIAL HOTEL,JL. IR. H. JUANDA NO. 311 DAGO BANDUNG JAWA BARAT,410000
799,HOTEL RIAU BANDUNG,BINTANG 2,CITY HOTEL,JL. RE MARTADINATA NO. 191 RIAU BANDUNG,410000
800,VIO HOTEL PASTEUR,BINTANG 2,DOWN TOWN HOTEL,JL. DR. DJUNJUNAN PASTEUR NO. 154 BANDUNG,410000
801,LOTUS HOTEL,BINTANG 2,CITY HOTEL,JL. TUBAGUS ISMAIL VIII NO.45 DAGO BANDUNG,410000
802,HOTEL CARYOTA,BINTANG 2,CITY HOTEL,JL. SUKAJADI NO.169 SUKAJADI BANDUNG,410000
803,RED DOORZ CIPAKU,BINTANG 2,RESIDENTIAL HOTEL,JL. CIPAKU INDAH III NO. 11 LEDENG SETIABUDI BANDUNG,410000
804,RUBY HOTEL SYARIAH,BINTANG 2,CITY HOTEL,JL. DR. RUBINI NO. 4 PASIR KALIKI BANDUNG,410000
805,WIRTON DAGO HOTEL,BINTANG 2,RESIDENTIAL HOTEL,"JL. IR. H. DJUANDA NO. 395 DAGOÂ 
  BANDUNG JAWA BARAT",410000
806,RED DOORZ CIBOGO BAWAH,BINTANG 2,RESIDENTIAL HOTEL,JL. CIBOGO BAWAH 23-25 BANDUNG PASTEUR,410000
807,BANTAL GULING ASIA AFRIKA,BINTANG 2,GUEST HOUSE,JL. KAUTAMAAN ISTRI NO.30B BANDUNG,410000
808,HOTEL CIHAMPELAS,BINTANG 2,DOWN TOWN HOTEL,JL. CIHAMPELAS NO.179 CIHAMPELAS BANDUNG JAWA BARAT,410000
809,ARIANDRI RESIDENCE,BINTANG 2,CITY HOTEL,JL. CILAKI NO.31 BANDUNG,410000
810,MINE HOME HOTEL,BINTANG 2,CITY HOTEL,JL. MARJUK NO.9 KEBON KAWUNG BANDUNG,410000
811,VIO HOTEL SURAPATI,BINTANG 2,CITY HOTEL,JL. SURAPATI NO. 15 BANDUNG,410000
812,HOTEL S3 SETRASARI,BINTANG 2,CITY HOTEL,JL. SURYA SUMANTRI KAV. 10 D BANDUNG,410000
813,TRIPLE SEVEN HOTEL,BINTANG 2,DOWN TOWN HOTEL,JL. PESANTREN WETAN NO. 20 PANDU-PADJAJARAN BANDUNG,410000
814,BALI INDAH HOTEL,BINTANG 2,CITY HOTEL,JL. BKR NO. 75 LINGKAR SELATAN BANDUNG,410000
815,GRAND AMELLIA HOTEL,BINTANG 2,RESIDENTIAL HOTEL,JL. CIJEROKASO NO. 124 GEGER KALONG HILIR BANDUNG JAWA BARAT,410000
816,LATIEF INN HOTEL,BINTANG 2,CITY HOTEL,JL. NATUNA NO.16 BANDUNG,410000
817,BANTAL GULING ALUN ALUN BANDUNG,BINTANG 2,CITY HOTEL,JL. MOH. TOHA NO. 42 BANDUNG JAWA BARAT,410000
818,HOTEL CIHAMPELAS 2,BINTANG 2,DOWN TOWN HOTEL,JL. CIHAMPELAS NO. 222,410000
819,AMARIS HOTEL CIMANUK,BINTANG 2,CITY HOTEL,JL. CIMANUK NO.14 BANDUNG,410000
820,DPALMA HOTEL,BINTANG 2,CITY HOTEL,JL. JEND. GATOT SUBROTO NO. 41 LENGKONG BANDUNG,410000
821,D'RIVER GUEST HOUSE,BINTANG 2,GUEST HOUSE,JL CIHAMPELAS 294 CIHAMPELAS BANDUNG,410000
822,SAWUNGGALING HOTEL,BINTANG 2,CITY HOTEL,JL. SAWUNGGALING NO.13 BANDUNG JAWA BARAT,410000
823,CORSICA HOTEL,BINTANG 2,CITY HOTEL,JL. SUPRATMAN NO. 43A BANDUNG WETAN BANDUNG,410000
824,POIN PHILA,BINTANG 2,DOWN TOWN HOTEL,JL. CIHAMPELAS NO.12 CIHAMPELAS BANDUNG JAWA BARAT,410000
825,HYPER INN,BINTANG 2,CITY HOTEL,JL. PASIR KALIKI RUKO HYPERSQUARE BLOK D 29 - 32 BANDUNG,410000
826,HOTEL ARIMBI DESTIK,BINTANG 2,CITY HOTEL,JL. DEWI SARTIKA NO. 108 A REGOL LENGKONG BANDUNG,410000
827,FLORES GALLERY HOTEL,BINTANG 2,CITY HOTEL,JL. FLORES NO. 7 RIAU BANDUNG,410000
828,DE'KAYA KINI HOTEL,BINTANG 2,CITY HOTEL,JL. CIPAMOKOLAN KOMP. RANCALOA REGENCY II NO.7 RIUNG BANDUNG BANDUNG,410000
829,WISMA DAGO 22,BINTANG 2,GUEST HOUSE,JL. DAGO POJOK NO. 22B DAGO BANDUNG JAWA BARAT,410000
830,RED DOORZ PLUS RUMAH MODE,BINTANG 2,DOWN TOWN HOTEL,JL. CIPAGANTI NO.150-152 CIPAGANTI BANDUNG,410000
831,ROYAL MERDEKA,BINTANG 2,CITY HOTEL,JL. MERDEKA NO. 34,410000
832,MALEO KOSTEL,BINTANG 2,CITY HOTEL,"JL. DANGDEUR INDAH II NO.4&15 SURYA SUMANTRI PASTEUR BANDUNG JAWA
  BARAT",410000
833,AMELLIA HOTEL PASTEUR,BINTANG 2,RESIDENTIAL HOTEL,JL. CIBOGO NO.81 SUKAWARNA SUKAJADI KOTA BANDUNG JAWA BARAT,410000
834,CT 195,BINTANG 2,GUEST HOUSE,JL. CIPEDES TENGAH NO. 195 SUKAJADI BANDUNG,410000
835,HOTEL UNIK BANDUNG,BINTANG 2,CITY HOTEL,JL. H. AKBAR NO.12 KEBON KAWUNG BANDUNG,410000
836,THE FELI HOTEL,BINTANG 2,CITY HOTEL,JL. BUAH BATU NO. 152 BANDUNG,410000
837,KALIMASADA HOTEL,BINTANG 2,CITY HOTEL,JL. KALIMANTAN NO.5 SUMUR BANDUNG BANDUNG,410000
838,ALQUEBY HOTEL,BINTANG 2,CITY HOTEL,JL. TERUSAN JAKARTA UTARA NO.7 BANDUNG,410000
839,SUTAN RAJA GUEST HOUSE,BINTANG 2,GUEST HOUSE,JL. TALAGA BODAS NO.66 BANDUNG,410000
840,BANTAL GULING GUEST HOUSE GATSU,BINTANG 2,GUEST HOUSE,JL.GATOT SUBROTO 194 BANDUNG BANDUNG CITY CENTER BANDUNG,410000
841,PONDOK AYUNI,BINTANG 2,GUEST HOUSE,JL. TERUSAN SARIRASA NO.2A SARIJADI SUKASARI PASTEUR BANDUNG JAWA BARAT,410000
842,WISMA DAGO 11,BINTANG 2,GUEST HOUSE,JL. DAGO POJOK NO. 11B BANDUNG JAWA BARAT,410000
843,HOTEL ASTRIA GRAHA,BINTANG 2,CITY HOTEL,JL. DALEM KAUM NO. 130A BANDUNG,410000
844,KARTIKA HOTEL,BINTANG 2,CITY HOTEL,JL. L. L. R. E. MARTADINATA NO. 144 A RIAU BANDUNG JAWA BARAT,410000
845,DANOUFA HOTEL,BINTANG 2,CITY HOTEL,JL. TITIRAN NO.17 SADANG SERANG COBLONG BANDUNG,410000
846,THE POSTER HOTEL MICE,BINTANG 2,BUSSINESS HOTEL,JL. PHH MUSTOFA NO. 33 A BANDUNG,410000
847,ARIANDRI BOUTIQUE GUEST HOUSE,BINTANG 2,GUEST HOUSE,JL. SUKAKARYA NO.15 SURYA SUMANTRI BANDUNG,410000
848,BALTIKA HOTEL,BINTANG 2,CITY HOTEL,JL. GATOT SUBROTO NO. 38 MALABAR LENGKONG BANDUNG JAWA BARAT,410000
849,HOTEL ENDAH PARAHYANGAN,BINTANG 2,CITY HOTEL,JL. RAYA CIBEUREUM NO.14 BANDUNG JAWA BARAT,410000
850,THE EIGHT HOTEL,BINTANG 2,CITY HOTEL,JL. SALENDRO UTARA NO.1 KEL. TURANGGA BANDUNG JAWA BARAT,410000
851,ILOS HOTEL,BINTANG 2,CITY HOTEL,JL. BABAKAN JERUK III NO.37-39 PASTEUR BANDUNG,410000
852,NEW MOONLIGHT HOTEL,BINTANG 2,CITY HOTEL,JL. TERUSAN PASIR KOJA NO. 24-26 BANDUNG,410000
853,EVE HOTEL,BINTANG 2,CITY HOTEL,JL MEKARSARI NO 2 CIBADUYUT BANDUNG JAWA BARAT,410000
854,HOTEL MONTAMERI,BINTANG 2,CITY HOTEL,JL. PEJUANG 45 NO. 77 BANDUNG JAWA BARAT,410000
855,UNIQUE GUEST HOUSE,BINTANG 2,GUEST HOUSE,JL. ENCES AJIS 34 (GARDU JATI) PASIR KALIKI BANDUNG JAWA BARAT,410000
856,SCARLET BUKIT PAKAR HOTEL,BINTANG 2,RESIDENTIAL HOTEL,JL. BUKIT PAKAR TIMUR I NO. 148 A DESA CIBURIAL DAGO ATAS BANDUNG,410000
857,RED DOORZ PLUS CASSA,BINTANG 2,CITY HOTEL,JL. CASSA NO. 2 SUKAWARNA SUKAJADI BANDUNG JAWA BARAT,410000
858,SETRA PRIANGAN GUEST HOUSE,BINTANG 2,GUEST HOUSE,JL. SETRA INDAH UTARA II NO.17 BANDUNG JAWA BARAT,410000
859,WISMA GANDAPURA,BINTANG 2,GUEST HOUSE,JL. R.E MARTADINATA NO. 120 SUMURBANDUNG BANDUNG JAWA BARAT,410000
860,RED DOORZ PVJ,BINTANG 2,DOWN TOWN HOTEL,JL. SUKAJADI NO. 1-3 SUKABUNGAH 40162 BANDUNG,410000
861,KENANGAN HOTEL,BINTANG 2,CITY HOTEL,JL. KEBON SIRIH NO.4 BANDUNG,410000
862,CHERRY HOME,BINTANG 2,CITY HOTEL,JL. BABAKAN JERUK IV NO. 37-39 PASTEUR BANDUNG JAWA BARAT,410000
863,MINE HOME HOTEL CIHAMPELAS,BINTANG 2,DOWN TOWN HOTEL,JL. BAPAK HUSEN DALAM NO. 10 CIHAMPELAS BANDUNG,410000
864,ARAYA HUIS HOMESTAY,BINTANG 2,GUEST HOUSE,JL. BELAKANG PASAR NO. 110 ANDIR BANDUNG,410000
865,DAGO'S HILL BANDUNG,BINTANG 2,CITY HOTEL,JL. TUBAGUS ISMAIL VIII NO.39 A DAGO BANDUNG,410000
866,WOOD HOTEL BANDUNG,BINTANG 2,CITY HOTEL,PANGRANGO TOWER AT PARAHYANGAN RESIDENCES JL. CIUMBULEUIT 125Â  BANDUNG,410000
867,MAGNOLIA BED & BREAKFAST,BINTANG 2,GUEST HOUSE,JL. SINDANG SIRNA II NO.363 SUKAJADI BANDUNG,410000
868,FORA GUEST HOUSE LINGKAR SELATAN,BINTANG 2,GUEST HOUSE,JL. PETA KOMPLEK TAMAN LINGKAR SELATAN NO.22 BANDUNG,410000
869,DE MAYA COTTAGE,BINTANG 2,GUEST HOUSE,JL. BUKIT PAKAR TIMUR V BLOK H 4- NO 16 BANDUNG,410000
870,HOTEL VICTORY,BINTANG 2,CITY HOTEL,JL. PAJAJARAN NO.79 PASIR KALIKI BANDUNG,410000
871,HOTEL NYLAND CIPAGANTI,BINTANG 2,DOWN TOWN HOTEL,JL. A. A. WIRANATA KUSUMAH (CIPAGANTI) NO.14 BANDUNG JAWA BARAT,410000
872,KENANGAN HOTEL BANDUNG,BINTANG 2,CITY HOTEL,JL. KEBON SIRIH NO.4 BANDUNG,410000
873,VENICE GUEST HOUSE BANDUNG,BINTANG 2,GUEST HOUSE,JL. KEBON SIRIH NO.6 BANDUNG,410000
874,THE SUMMIT RESIDENCE BANDUNG,BINTANG 2,CITY HOTEL,JL. CIBOGO BAWAH NO.23-25 CIBOGO BANDUNG,410000
875,CHERRY HOME EXPRESS BANDUNG,BINTANG 2,CITY HOTEL,JL. SURYA SUMANTRI NO. 93 PASTEUR BANDUNG,410000
876,VERONA RESIDENCE BANDUNG,BINTANG 2,RESIDENTIAL HOTEL,JL. BUKIT INDAH NO.9 HEGARMANAH CIUMBULEUIT BANDUNG,410000
877,CASSA DE APPLE BANDUNG,BINTANG 2,CITY HOTEL,JL. APEL NO. 2 DAGO ATAS BANDUNG,410000
878,HOTEL BUMI ASIH GEDUNG SATE BANDUNG,BINTANG 2,CITY HOTEL,JL. CILAMAYA NO. 1 BANDUNG,410000
879,LA NOSTALGIE BOUTIQUE GUEST HOUSE,BINTANG 2,GUEST HOUSE,JL. GALUNGGUNG NO.29 BANDUNG,410000
880,ABADI ASRI HOTEL BANDUNG,BINTANG 2,RESIDENTIAL HOTEL,JL. DR. SETIABUDI NO.287 SETIABUDI BANDUNG JAWA BARAT,410000
881,HI-QUALITY GUEST HOUSE,BINTANG 2,GUEST HOUSE,JL.SANGKURIANG NO.15BANDUNG,410000
882,WISMA JOGLO DAGO,BINTANG 2,GUEST HOUSE,JL. RESOT DAGO PAKAR NO. 19 DAGO BANDUNG,410000
883,RIZH HOTEL,BINTANG 2,CITY HOTEL,JL. TALAGA BODAS NO.6 MALABAR LENGKONG BANDUNG JAWA BARAT,410000
884,VELEZA HOTEL,BINTANG 2,CITY HOTEL,JL. LENGKONG KECIL NO. 84 LENGKONG BANDUNG,410000
885,IMAGE HOTEL AND RESTO,BINTANG 2,CITY HOTEL,JL. LENGKONG BESAR NO. 145 LENGKONG BANDUNG,410000
886,ARWIGA HOTEL,BINTANG 2,RESIDENTIAL HOTEL,JL.SEDERHANA NO.53 BANDUNG JAWA BARAT,410000
887,HOTEL SABANG BANDUNG,BINTANG 1,CITY HOTEL,JL. SABANG NO. 101 CITARUM BANDUNG WETAN KOTA BANDUNG JAWA BARAT,230000
888,THE BLESSING HOUSE BED AND BREAKFAST,BINTANG 1,CITY HOTEL,JL. CIHAMPELAS NO. 186 KAV. 16 LT. 2 CIHAMPELAS BANDUNG,230000
889,SEBELAS HOTEL BANDUNG,BINTANG 1,CITY HOTEL,JL. PALASARI NO. 32 LENGKONG BANDUNG JAWA BARAT,230000
890,HOTEL BUKIT DJUANDA,BINTANG 1,RESIDENTIAL HOTEL,JL. IR. H. JUANDA NO. 448 BANDUNG,230000
891,HOTEL HARMONY INN BANDUNG,BINTANG 1,CITY HOTEL,JL. TALAGABODAS NO. 62 BANDUNG JAWA BARAT,230000
892,PENSION GUEST HOUSE,BINTANG 1,GUEST HOUSE,JL. SABANG NO. 42 BANDUNG,230000
893,PELE BACKPACKER GUEST HOUSE,BINTANG 1,GUEST HOUSE,JL. TAMAN PELESIRAN 1 NO. 5 DAGO BANDUNG JAWA BARAT,230000
894,KARMILA HOTEL,BINTANG 1,RESIDENTIAL HOTEL,JL. IR. H. JUANDA NO. 32 DAGO BANDUNG WETAN KOTA BANDUNG,230000
895,CHEZ BON HOSTEL,BINTANG 1,HOSTEL,JL. BRAGA NO. 45 BANDUNG,230000
896,HOTEL PUTRI LARASATI,BINTANG 1,GUEST HOUSE,JL. KANAYAKAN LAMA BLOK A NO. 40 DAGO COBLONG BANDUNG,230000
897,SM RESIDENCE PASTEUR,BINTANG 1,GUEST HOUSE,JL. BABAKAN JERUK INDAH I NO.11 BANDUNG JAWA BARAT,230000
898,SA'CI GUEST HOUSE,BINTANG 1,GUEST HOUSE,JL. CIPEDES SELATAN NO. 1 KELURAHAN SUKABUNGA SUKAJADI BANDUNG,230000
899,THE JARDIN APARTMENT,BINTANG 1,APARTMENT,JL. CIHAMPELAS NO. 10 CIHAMPELAS BANDUNG JAWA BARAT,230000
900,SIMPLY HOMY GUEST HOUSE,BINTANG 1,GUEST HOUSE,JL. DR. DJUNJUNAN DALAM NO. 2 PASTEUR BANDUNG JAWA BARAT,230000
901,GUEST HOUSE BALI,BINTANG 1,GUEST HOUSE,JL. SUKABIRUS RT 01/ RW 13 NO. 03 BOJONGSOANG BANDUNG JAWA BARAT,230000
902,RADIO BACKPACKER GUESTHOUSE,BINTANG 1,GUEST HOUSE,JL. BABAKAN RADIO MEGA ASRI BLOK E3 NO.5 CICENDO BANDUNG,230000
903,HOTEL LODAYA,BINTANG 1,CITY HOTEL,"JL. LODAYA NO. 83 BURANGRANGÂ 
  LENGKONG BANDUNG",230000
904,P HOSTEL,BINTANG 1,HOSTEL,"JL. PETA NO. 21Â  ASTANAANYAR
  BANDUNG JAWA BARAT",230000
905,GANIA HOTEL,BINTANG 1,CITY HOTEL,JL. VETERAN NO. 30 SUMURBANDUNG BANDUNG JAWA BARAT,230000
906,TEN HOUSE BANDUNG,BINTANG 1,GUEST HOUSE,JL. BABAKAN JERUK I NO.10 PASTEUR BANDUNG JAWA BARAT,230000
907,ASOKA INN,GUEST HOUSE,GUEST HOUSE,JL. SURYA SUMANTRI KAV 4B BANDUNG,182500
908,ASOKA HOTEL,GUEST HOUSE,CITY HOTEL,JL.LENGKONG BESAR NO. 62 LENGKONG BANDUNG,182500
909,JAKSA GUEST HOUSE,GUEST HOUSE,GUEST HOUSE,JL. JAKSA NO.1 PUNGKUR BANDUNG JAWA BARAT,182500
910,SAKURA GUEST HOUSE,GUEST HOUSE,GUEST HOUSE,JL. LINGGAWASTU NO. 3 DAGO COBLONG BANDUNG JAWA BARAT,182500
911,HOTEL PROGO,GUEST HOUSE,CITY HOTEL,JL. PROGO NO. 6 RIAU BANDUNG,182500
912,WISMA ASIA BUNDO,GUEST HOUSE,GUEST HOUSE,JL. PELAJAR PEJUANG 45 NO. 22 A LINGKAR SELATAN BANDUNG,182500
913,PINISI BACKPACKER,GUEST HOUSE,GUEST HOUSE,JL. PASIRKALIKI BELAKANG NO. 84 PASIRKALIKI BANDUNG JAWA BARAT,182500
914,HOTEL BOULEVARD,GUEST HOUSE,CITY HOTEL,JL. TALAGABODAS NO. 106 BANDUNG JAWA BARAT,182500
915,CLEO GUEST HOUSE BANDUNG,GUEST HOUSE,GUEST HOUSE,JL.CEMARA NO.51 SUKAJADI BANDUNG,182500
916,KUWERA INN GUESTHOUSE BANDUNG,GUEST HOUSE,GUEST HOUSE,JL. TERUSAN CIGADUNG NO.9 SEKELOA COBLONG BANDUNG,182500
917,HOMESTAY SETIABUDI SYARIAH BANDUNG,GUEST HOUSE,GUEST HOUSE,JL. SETIABUDHI NO. 347A SETIABUDI BANDUNG,182500
918,ALDORA HOUSE BANDUNG,GUEST HOUSE,GUEST HOUSE,JL. SURYALAYA NO. 30 LENGKONG BANDUNG JAWA BARAT,182500
919,BOBOBOX PODS PASKAL BANDUNG,GUEST HOUSE,GUEST HOUSE,JL. PASIR KALIKI NO.76A PASIR KALIKI CICENDO BANDUNG,182500
920,HAZEL HOUSE,GUEST HOUSE,GUEST HOUSE,JL. REREONGAN SARUPI NO. 1 RT. 05 / 03 CIUMBULEUIT BANDUNG,182500
921,DE BUKIT ATAS AWAN VILLA,GUEST HOUSE,GUEST HOUSE,JL. BUKIT PAKAR TIMUR XI DAGO BANDUNG JAWA BARAT,182500
922,HYPER HOMESTAY,GUEST HOUSE,GUEST HOUSE,JL. CIPTA GRAHA RAYA KOMPLEK CIPTA GRAHA BLOK C NO.10Â  CICENDO BANDUNG,182500
923,ZEN ROOM BASIC UNINUS SYARIAH,GUEST HOUSE,GUEST HOUSE,JL. CIJAWURA GIRANG 2 NO. 5 SEKEJATI BANDUNG,182500
924,JF HOTEL,GUEST HOUSE,DOWN TOWN HOTEL,JL. CIHAMPELAS NO. 202,182500
925,HOTEL PUMA,GUEST HOUSE,DOWN TOWN HOTEL,JL. CIHAMPELAS NO. 153,182500
926,PURI TOMAT,GUEST HOUSE,GUEST HOUSE,JL. IR. H. JUANDA NO. 420,182500
927,ROYAL CORNER,GUEST HOUSE,CITY HOTEL,JL. WASTUKENCANA NO. 8,182500
928,POP! HOTEL FESTIVAL CITYLINK,BINTANG 2,HOTEL,"JL. PETA NO.241 - SUKA ASIH - KEC. BOJONGLOA KALER - KOTA BANDUNG - JAWA
  BARAT 40323",410000
929,FAVEHOTEL HYPER SQUARE,BINTANG 2,HOTEL,"PASKAL HYPER SQUARE - JL. PASIR KALIKI NO.25 - 27 - CIROYOM - KEC. ANDIR
  - KOTA BANDUNG - JAWA BARAT 40181",410000
930,VIO HOTEL,BINTANG 2,HOTEL,"JL. VETERAN NO.32 - KB. PISANG - KEC. SUMUR BANDUNG - KOTA BANDUNG - JAWA
  BARAT 40112",410000
931,VIO HOTEL,BINTANG 2,HOTEL,"JL. SURAPATI NO.51 - SADANG SERANG - KECAMATAN COBLONG - KOTA BANDUNG -
  JAWA BARAT 40133",410000
932,VIO HOTEL,BINTANG 2,HOTEL,"JL. CIHAMPELAS NO.108 - TAMANSARI - KEC. BANDUNG WETAN - KOTA BANDUNG -
  JAWA BARAT 40116",410000
933,VIO HOTEL,BINTANG 2,HOTEL,"JL. WESTHOFF NO.33 - PASIR KALIKI - KEC. CICENDO - KOTA BANDUNG - JAWA
  BARAT 40171",410000
934,ZODIAK - TAURUS,BINTANG 2,HOTEL,"JL. PASIR KALIKI NO.50 - PASIR KALIKI - KEC. CICENDO - KOTA BANDUNG -
  JAWA BARAT 40171",410000
935,BANDUNG HOTEL NEWMOONLIGHT,BINTANG 2,HOTEL,"JL. TERUSAN PASIRKOJA NO.24-26 - CIBADAK - KEC. ASTANAANYAR - KOTA
  BANDUNG - JAWA BARAT 40242",410000
936,IBIS BUDGET BANDUNG ASIA AFRIKA,BINTANG 2,HOTEL,"JL. ASIA AFRIKA NO.128 - PALEDANG - KEC. LENGKONG - KOTA BANDUNG - JAWA
  BARAT 40261",410000
937,DPALMA HOTEL,BINTANG 2,HOTEL,"JL. GATOT SUBROTO NO.41 - MALABAR - KEC. LENGKONG - KOTA BANDUNG - JAWA
  BARAT 40262",410000
938,POP! HOTEL FESTIVAL CITYLINK BANDUNG,BINTANG 2,HOTEL,"JL. PETA NO.241 - SUKA ASIH - KEC. BOJONGLOA KALER - KOTA BANDUNG - JAWA
  BARAT 40323",410000
939,HOTEL CORSICA,BINTANG 2,HOTEL,"JL. SUPRATMAN NO.43A - CIHAPIT - KEC. BANDUNG WETAN - KOTA BANDUNG - JAWA
  BARAT 40114",410000
940,WISMA INTECH,BINTANG 2,HOTEL,"JL. RAYA KOPO NO.538 - MARGASUKA - KEC. BABAKAN CIPARAY - KOTA BANDUNG -
  JAWA BARAT 40225",410000
941,HOTEL MONTAMERI,BINTANG 2,HOTEL,"JL. PELAJAR PEJUANG 45 NO.77 - LKR. SEL. - KEC. LENGKONG - KOTA BANDUNG -
  JAWA BARAT 40263",410000
942,GHOTIC HOTEL,BINTANG 2,HOTEL,"JL. SOEKARNO HATTA NO.534 - SEKEJATI - KEC. BUAHBATU - KOTA BANDUNG -
  JAWA BARAT 40286",410000
943,HOTEL FLORES GALLERY,BINTANG 2,HOTEL,"JL. FLORES NO.7 - CITARUM - KEC. BANDUNG WETAN - KOTA BANDUNG - JAWA
  BARAT 40115",410000
944,HOTEL MALAKA,BINTANG 2,HOTEL,"JL. HALIMUN NO.36 - MALABAR - KEC. LENGKONG - KOTA BANDUNG - JAWA BARAT
  40262",410000
945,LA NOSTALGIE BOUTIQUE HOTEL BANDUNG,BINTANG 2,HOTEL,"JL. GALUNGGUNG NO.29 - LKR. SEL. - KEC. LENGKONG - KOTA BANDUNG - JAWA
  BARAT 40263",410000
946,THE POSTERS HOTEL MICE,BINTANG 2,HOTEL,"JL. PHH. MUSTOFA NO.33A - NEGLASARI - KEC. CIBEUNYING KALER - KOTA
  BANDUNG - JAWA BARAT 40124",410000
947,BEEHIVE CAFE & BOUTIQUE HOTEL,BINTANG 2,HOTEL,"JL. DAYANG SUMBI NO.1 - RW.3 - LB. SILIWANGI - KECAMATAN COBLONG - KOTA
  BANDUNG - JAWA BARAT 40132",410000
948,DBEST EXPRESS,BINTANG 2,HOTEL,"JL. MOH. TOHA NO.213 - CIGERELENG - KEC. REGOL - KOTA BANDUNG - JAWA
  BARAT 40243",410000
949,LOTUS HOTEL,BINTANG 2,HOTEL,"JL. TUBAGUS ISMAIL VIII NO.45 - SEKELOA - KECAMATAN COBLONG - KOTA
  BANDUNG - JAWA BARAT 40134",410000
950,IMAGE HOTEL & RESTO,BINTANG 2,HOTEL,"JL. LENGKONG BESAR NO.145 - BALONGGEDE - KEC. REGOL - KOTA BANDUNG - JAWA
  BARAT 40251",410000
951,NEW-B HOTEL,BINTANG 2,HOTEL,"JL. SUPRATMAN NO.23 - CIHAPIT - KEC. BANDUNG WETAN - KOTA BANDUNG - JAWA
  BARAT 40122",410000
952,HOTEL BENUA,BINTANG 2,HOTEL,"JL. PELAJAR PEJUANG 45 NO.111 - TURANGGA - KEC. LENGKONG - KOTA BANDUNG -
  JAWA BARAT 40264",410000
953,LATIEF INN BANDUNG,BINTANG 2,HOTEL,"JL. NATUNA NO.16 - KB. PISANG - KEC. SUMUR BANDUNG - KOTA BANDUNG - JAWA
  BARAT 40112",410000
954,"INAP AT CAPSULE HOSTEL BANDUNG, GRAND ASIA AFRIKA",BINTANG 2,HOTEL,"JL. LENGKONG KECIL - PALEDANG - KEC. LENGKONG - KOTA BANDUNG - JAWA BARAT
  40261",410000
955,HYPER INN,BINTANG 2,HOTEL,"HYPER SQUERE - JL. PASIR KALIKI BLOK D NO.29-32 - KB. JERUK - KEC. ANDIR
  - KOTA BANDUNG - JAWA BARAT 40181",410000
956,THE PALAIS DAGO HOTEL,BINTANG 2,HOTEL,"JL. IR. H. JUANDA NO.90 - LEBAKGEDE - KECAMATAN COBLONG - KOTA BANDUNG -
  JAWA BARAT 40132",410000
957,UTC HOTEL BANDUNG,BINTANG 2,HOTEL,"JL. IR. H. DJUANDA NO. 4 - KEL. CITARUM - KEC. BANDUNG WETAN - (MASUK
  DARI JLN. SULTAN AGUNG) DEKAT PATUNG PDAM - JL. IR. H. JUANDA NO.4 - CITARUM
  - KEC. BANDUNG WETAN - KOTA BANDUNG - JAWA BARAT 40116",410000
958,DAGO'S HILL HOTEL,BINTANG 2,HOTEL,"JL. TUBAGUS ISMAIL VIII KEL NO.39A - RT.1/RW.12 - SEKELOA - KECAMATAN
  COBLONG - KOTA BANDUNG - JAWA BARAT 40134",410000
959,HOTEL UNIK,BINTANG 2,HOTEL,"JL. H. AKBAR NO.12 - PASIR KALIKI - KEC. CICENDO - KOTA BANDUNG - JAWA
  BARAT 40171",410000
960,CITARUM HOTEL,BINTANG 2,HOTEL,"JL. CITARUM NO.16 - CIHAPIT - KEC. BANDUNG WETAN - KOTA BANDUNG - JAWA
  BARAT 40114",410000
961,HOTEL PATRADISSA BANDUNG,BINTANG 2,HOTEL,"JL. H. MOH. ISKAT NO.8 - PASIR KALIKI - KEC. CICENDO - KOTA BANDUNG -
  JAWA BARAT 40171",410000
962,AMARIS HOTEL CIMANUK,BINTANG 2,HOTEL,"JL. CIMANUK NO.14 - CITARUM - KEC. BANDUNG WETAN - KOTA BANDUNG - JAWA
  BARAT 40115",410000
963,YOKOTEL,BINTANG 2,HOTEL,"JL. KEBON JATI NO.17 & 19 - KB. JERUK - KEC. ANDIR - KOTA BANDUNG -
  JAWA BARAT 40181",410000
964,HOTEL SUPRATMAN,BINTANG 2,HOTEL,"JL. SUPRATMAN NO.102 - CIBEUNYING - CIHAUR GEULIS - KEC. CIBEUNYING KALER
  - KOTA BANDUNG - JAWA BARAT 40122",410000
965,WISMA DAGO HOTEL,BINTANG 2,HOTEL,"JL. CIUNGWANARA NO.16 - LB. SILIWANGI - KECAMATAN COBLONG - KOTA BANDUNG
  - JAWA BARAT 40132",410000
966,RIZH HOTEL,BINTANG 2,HOTEL,"JL. TALAGA BODAS NO.6 - MALABAR - KEC. LENGKONG - KOTA BANDUNG - JAWA
  BARAT 40262",410000
967,AMARIS HOTEL SETIABUDHI BANDUNG,BINTANG 2,HOTEL,"JL. DR. SETIABUDI NO.156A - HEGARMANAH - KEC. CIDADAP - KOTA BANDUNG -
  JAWA BARAT 40141",410000
968,HOTEL NYLAND PASTEUR BANDUNG,BINTANG 2,HOTEL,"JL. DR. DJUNJUNAN NO.125 - PAJAJARAN - KEC. CICENDO - KOTA BANDUNG - JAWA
  BARAT 40173",410000
969,BUMI SAWUNGGALING HOTEL,BINTANG 2,HOTEL,"JL. SAWUNGGALING NO.13 - TAMANSARI - KEC. BANDUNG WETAN - KOTA BANDUNG -
  JAWA BARAT 40116",410000
970,HOTEL PANIISAN,BINTANG 2,HOTEL,"JL. SUKAJADI NO.202 - PASTEUR - KEC. SUKAJADI - KOTA BANDUNG - JAWA BARAT
  40161",410000
971,HOTEL BUMI KITRI PRAMUKA,BINTANG 2,HOTEL,"JL. CIKUTRA NO.276 - NEGLASARI - KEC. CIBEUNYING KALER - KOTA BANDUNG -
  JAWA BARAT 40124",410000
972,HOTEL WIRTON DAGO,BINTANG 2,HOTEL,"JL. IR. H. JUANDA NO.395 - DAGO - KECAMATAN COBLONG - KOTA BANDUNG - JAWA
  BARAT 40135",410000
973,KEMBANG HOTEL,BINTANG 2,HOTEL,"JL. CIHAMPELAS NO.100 - TAMANSARI - KEC. BANDUNG WETAN - KOTA BANDUNG -
  JAWA BARAT 40131",410000
974,MINE HOME HOTEL BY SOVIA,BINTANG 2,HOTEL,"JL. MARJUK NO.9 - PASIR KALIKI - KEC. CICENDO - KOTA BANDUNG - JAWA BARAT
  40171",410000
975,ZODIAK @ ASIA AFRIKA HOTEL BANDUNG,BINTANG 2,HOTEL,"JL. ASIA AFRIKA NO.34 - BALONGGEDE - KEC. REGOL - KOTA BANDUNG - JAWA
  BARAT 40251",410000
976,SPOT ON 2054 HOTEL ARIMBI 3,BINTANG 2,HOTEL,"JL. STASION SELATAN NO.5 - KB. JERUK - KEC. ANDIR - KOTA BANDUNG - JAWA
  BARAT 40181",410000
977,HOTEL VICTORY,BINTANG 2,HOTEL,"JL. PAJAJARAN NO.79 - ARJUNA - KEC. CICENDO - KOTA BANDUNG - JAWA BARAT
  40115",410000
978,HOTEL NYLAND CIPAGANTI,BINTANG 2,HOTEL,"JL. CIPAGANTI NO.14 - PASIR KALIKI - KEC. CICENDO - KOTA BANDUNG - JAWA
  BARAT 40171",410000
979,ZODIAK KEBONJATI HOTEL BANDUNG,BINTANG 2,HOTEL,"JL. KEBON JATI NO.34 - KB. JERUK - KEC. ANDIR - KOTA BANDUNG - JAWA BARAT
  40181",410000
980,GANIA PLAZA HOTEL,BINTANG 2,HOTEL,"JL. VETERAN NO.30 - KB. PISANG - KEC. SUMUR BANDUNG - KOTA BANDUNG - JAWA
  BARAT 40112",410000
981,MINE HOME HOTEL BANDUNG,BINTANG 2,HOTEL,"JL. BAPA HUSEN DALAM DALAM NO.10 - CIPAGANTI - BANDUNG - KOTA BANDUNG -
  JAWA BARAT 40131",410000
982,ZODIAK SUTAMI HOTEL BANDUNG,BINTANG 2,HOTEL,"JL. PROF. DR. SUTAMI NO.97 - SUKARASA - KEC. SUKASARI - KOTA BANDUNG -
  JAWA BARAT 40163",410000
983,HOTEL SERENA BANDUNG,BINTANG 2,HOTEL,"JL. MARJUK NO.4-6 - PASIR KALIKI - KEC. CICENDO - KOTA BANDUNG - JAWA
  BARAT 40171",410000
984,VELEZA HOTEL,BINTANG 2,HOTEL,"JL. LENGKONG KECIL NO.84 - PALEDANG - KEC. LENGKONG - KOTA BANDUNG - JAWA
  BARAT 40261",410000
985,AMARIS HOTEL CIHAMPELAS,BINTANG 2,HOTEL,"JL. CIHAMPELAS NO.171 - CIPAGANTI - KECAMATAN COBLONG - KOTA BANDUNG -
  JAWA BARAT 40131",410000
986,CASA D'LADERA,BINTANG 2,HOTEL,"JL. DR. SETIABUDI NO.262 - LEDENG - KEC. CIDADAP - KOTA BANDUNG - JAWA
  BARAT 40143",410000
987,CT 195 BANDUNG,BINTANG 2,HOTEL,"JL. CIPEDES TENGAH NO.195 - SUKAGALIH - KEC. SUKAJADI - KOTA BANDUNG -
  JAWA BARAT 40163",410000
988,KRISTALIA HOTEL,BINTANG 2,HOTEL,"JL. CICENDO NO.39 - PASIR KALIKI - KEC. CICENDO - KOTA BANDUNG - JAWA
  BARAT 40171",410000
989,ARISTO RESIDENCE,BINTANG 2,HOTEL,"JL. BABAKAN JERUK INDAH I NO.7 - SUKAGALIH - KEC. SUKAJADI - KOTA BANDUNG
  - JAWA BARAT 40163",410000
990,HOTEL ASTRIA GRAHA,BINTANG 2,HOTEL,"JL. DALEM KAUM NO.130A - CIKAWAO - KEC. LENGKONG - KOTA BANDUNG - JAWA
  BARAT 40261",410000
991,HOTEL AUGUSTA VALLEY,BINTANG 2,HOTEL,"JL. CIPAKU I NO.19 - LEDENG - KEC. CIDADAP - KOTA BANDUNG - JAWA BARAT
  40141",410000
992,HOTEL SALON FORA &LONGHILL CAFE FORA,BINTANG 2,HOTEL,"JL. GEGERKALONG HILIR NO.8 - GEGERKALONG - KEC. SUKASARI - KOTA BANDUNG -
  JAWA BARAT 40153",410000
993,SOCIALITE BACKPACKER HOTEL,BINTANG 2,HOTEL,"JL. DAGO ASRI 1 - DAGO - KECAMATAN COBLONG - KOTA BANDUNG - JAWA BARAT
  40135",410000
994,HOTEL PADASUKA,BINTANG 2,HOTEL,"JL. DR. SETIABUDI NO.426 - LEDENG - KEC. CIDADAP - KOTA BANDUNG - JAWA
  BARAT 40143",410000
995,BOBOBOX PODS PASKAL,BINTANG 2,HOTEL,"JL. PASIR KALIKI NO.76A - PASIR KALIKI - KEC. CICENDO - KOTA BANDUNG -
  JAWA BARAT 40171",410000
996,BOBOBOX DAGO,BINTANG 2,HOTEL,"JL. SULTAN TIRTAYASA NO.11 - CITARUM - KEC. BANDUNG WETAN - KOTA BANDUNG
  - JAWA BARAT 40115",410000
997,TOKYO CUBE,BINTANG 2,HOTEL,"JL. PENDAWA NO.2 - ARJUNA - KEC. CICENDO - KOTA BANDUNG - JAWA BARAT
  40172",410000
998,OYO 226 LJ HOTEL BANDUNG,BINTANG 2,HOTEL,"JL. MALABAR NO.2 - MALABAR - KEC. LENGKONG - KOTA BANDUNG - JAWA BARAT
  40262",410000
999,OYO 3429 SENTRA PASKAL,BINTANG 2,HOTEL,JL. PASIR KALIKI NO.25 - KOTA BANDUNG - JAWA BARAT 40161,410000
