Id_Tempat,Nama Tempat,Deskripsi Tempat,Kategori Tempat,Kota,Rating Tempat,Harga Masuk,User Rating
1,GunungTangkuban perahu,"Gunung Tangkuban Parahu adalah salah satu gunung yang terletak di Provinsi Jawa Barat, Indonesia. Sekitar 20 km ke arah utara Kota Bandung, dengan rimbun pohon pinus dan hamparan kebun teh di sekitarnya, Gunung Tangkuban Parahu mempunyai ketinggian setinggi 2.084 meter. Bentuk gunung ini adalah Stratovulcano dengan pusat erupsi yang berpindah dari timur ke barat. Jenis batuan yang dikeluarkan melalui letusan kebanyakan adalah lava dan sulfur, mineral yang dikeluarkan adalah sulfur belerang, mineral yang dikeluarkan saat gunung tidak aktif adalah uap belerang. Daerah Gunung Tangkuban Parahu dikelola oleh Perum Perhutanan. Suhu rata-rata hariannya adalah 17oC pada siang hari dan 2 Â°C pada malam hari._x000D_",Cagar Alam,Bandung,4.5,30000,28
2,Jalan Braga,"Jalan Braga adalah nama sebuah jalan utama di kota Bandung, Indonesia. Nama jalan ini cukup dikenal sejak masa pemerintahan Hindia Belanda. Sampai saat ini nama jalan tersebut tetap dipertahankan sebagai salah satu maskot dan objek wisata kota Bandung yang dahulu dikenal sebagai Parijs van Java.",Budaya,Bandung,4.7,0,16
3,Gedung Sate,"Gedung Sate, dengan ciri khasnya berupa ornamen tusuk sate pada menara sentralnya, telah lama menjadi penanda atau markah tanah Kota Bandung yang tidak saja dikenal masyarakat di Jawa Barat, tetapi juga seluruh Indonesia bahkan model bangunan itu dijadikan pertanda bagi beberapa bangunan dan tanda-tanda kota di Jawa Barat. Misalnya bentuk gedung bagian depan Stasiun Kereta Api Tasikmalaya. Mulai dibangun tahun 1920, gedung berwarna putih ini masih berdiri kokoh namun anggun dan kini berfungsi sebagai gedung pusat pemerintahan Jawa Barat.\nGedung Sate yang pada masa Hindia Belanda itu disebut Gouvernements Bedrijven (GB), peletakan batu pertama dilakukan oleh Johanna Catherina Coops, puteri sulung Wali Kota Bandung, Bertus Coops dan Petronella Roelofsen, mewakili Gubernur Jenderal di Batavia, J.P. Graaf van Limburg Stirum pada tanggal 27 Juli 1920, merupakan hasil perencanaan sebuah tim yang terdiri dari Ir.J.Gerber, arsitek muda kenamaan lulusan Fakultas Teknik Delft Nederland, Ir. Eh. De Roo dan Ir. G. Hendriks serta pihak Gemeente van Bandoeng, diketuai Kol. Pur. VL. Slors dengan melibatkan 2000 pekerja, 150 orang di antaranya pemahat, atau ahli bongpay pengukir batu nisan dan pengukir kayu berkebangsaan Cina yang berasal dari Konghu atau Kanton, dibantu tukang batu, kuli aduk dan peladen yang berasal dari penduduk Kampung Sekeloa, Kampung Coblong Dago, Kampung Gandok dan Kampung Cibarengkok, yang sebelumnya mereka menggarap Gedong Sirap (Kampus ITB) dan Gedong Papak (Balai Kota Bandung).\n\nSelama kurun waktu 4 tahun pada bulan September 1924 berhasil diselesaikan pembangunan induk bangunan utama Gouverments Bedrijven, termasuk kantor pusat PTT (Pos, Telepon dan Telegraf) dan Perpustakaan.\nArsitektur Gedung Sate merupakan hasil karya arsitek Ir. J.Gerber dan kelompoknya yang tidak terlepas dari masukan maestro arsitek Belanda Dr.Hendrik Petrus Berlage, yang bernuansakan wajah arsitektur tradisional Nusantara.\nBanyak kalangan arsitek dan ahli bangunan menyatakan Gedung Sate adalah bangunan monumental yang anggun mempesona dengan gaya arsitektur unik mengarah kepada bentuk gaya arsitektur Indo-Eropa, (Indo Europeeschen architectuur stijl), sehingga tidak mustahil bila keanggunan Candi Borobudur ikut mewarnai Gedung Sate.\nBeberapa pendapat tentang megahnya Gedung Sate di antaranya Cor Pashier dan Jan Wittenberg dua arsitek Belanda, yang mengatakan ""langgam arsitektur Gedung Sate adalah gaya hasil eksperimen sang arsitek yang mengarah pada bentuk gaya arsitektur Indo-Eropa"".\nD. Ruhl dalam bukunya Bandoeng en haar Hoogvlakte 1952, ""Gedung Sate adalah bangunan terindah di Indonesia"".\nIr. H.P.Berlage, sewaktu kunjungan ke Gedung Sate April 1923, menyatakan, ""Gedung Sate adalah suatu karya arsitektur besar, yang berhasil memadukan langgam timur dan barat secara harmonis"". Seperti halnya gaya arsitektur Italia pada masa renaiscance terutama pada bangunan sayap barat. Sedangkan menara bertingkat di tengah bangunan mirip atap meru atau pagoda. Masih banyak lagi pendapat arsitek Indonesia yang menyatakan kemegahan Gedung Sate misalnya Slamet Wirasonjaya, dan Ir. Harnyoto Kunto.\nKuat dan utuhnya Gedung Sate hingga kini, tidak terlepas dari bahan dan teknis konstruksi yang dipakai. Dinding Gedung Sate terbuat dari kepingan batu ukuran besar (1 Ã— 1 Ã— 2 m) yang diambil dari kawasan perbukitan batu di Bandung timur sekitar Arcamanik dan Gunung Manglayang. Konstruksi bangunan Gedung Sate menggunakan cara konvensional yang profesional dengan memperhatikan standar teknik.\nGedung Sate berdiri di atas lahan seluas 27.990,859 mÂ², luas bangunan 10.877,734 mÂ² terdiri dari Basement 3.039,264 mÂ², Lantai I 4.062,553 mÂ², teras lantai I 212,976 mÂ², Lantai II 3.023,796 mÂ², teras lantai II 212.976 mÂ², menara 121 mÂ² dan teras menara 205,169 mÂ².\nGerber sendiri memadukan beberapa aliran arsitektur ke dalam rancangannya. Untuk jendela, Gerber mengambil tema Moor Spanyol, sedangkan untuk bangunannya dalah Rennaisance Italia. Khusus untuk menara, Gerber memasukkan aliran Asia, yaitu gaya atap pura Bali atau pagoda di Thailand. Di puncaknya terdapat ""tusuk sate"" dengan 6 buah ornamen sate (versi lain menyebutkan jambu air atau melati), yang melambangkan 6 juta gulden - jumlah biaya yang digunakan untuk membangun Gedung Sate. Ornamen yang terbuat dari batu, terletak di atas pintu utama Gedung Sate, sering dikaitkan dengan candi Borobudur karena bentuknya yang serupa.\nFasade (tampak depan) Gedung Sate ternyata sangat diperhitungkan. Dengan mengikuti sumbu poros utara-selatan (yang juga diterapkan di Gedung Pakuan, yang menghadap Gunung Malabar di selatan), Gedung Sate justru sengaja dibangun menghadap Gunung Tangkuban Perahu di sebelah utara.\nDalam perjalanannya semula diperuntukkan bagi Departemen Lalulintas dan Pekerjaan Umum, bahkan menjadi pusat pemerintahan Hindia Belanda setelah Batavia dianggap sudah tidak memenuhi syarat sebagai pusat pemerintahan karena perkembangannya, sehingga digunakan oleh Jawatan Pekerjaan Umum. Tanggal 3 Desember 1945 terjadi peristiwa yang memakan korban tujuh orang pemuda yang mempertahankan Gedung Sate dari serangan pasukan Gurkha. Untuk mengenang ke tujuh pemuda itu, dibuatkan tugu dari batu yang diletakkan di belakang halaman Gedung Sate. Atas perintah Menteri Pekerjaan Umum pada tanggal 3 Desember 1970 Tugu tersebut dipindahkan ke halaman depan Gedung Sate.\nGedung Sate sejak tahun 1980 dikenal dengan sebutan Kantor Gubernur karena sebagai pusat kegiatan Pemerintah Provinsi Jawa Barat, yang sebelumnya Pemerintahaan Provinsi Jawa Barat menempati Gedung Kerta Mukti di Jalan Braga Bandung.\nRuang kerja Gubernur terdapat di lantai II bersama dengan ruang kerja Wakil Gubernur, Sekretaris Daerah, Para Assisten dan Biro. Saat ini Gubernur di bantu oleh tiga Wakil Gubernur yang menangani Bidang Pemerintahan, Bidang Ekonomi dan Pembangunan, serta Bidang Kesejahteraan Rakyat, seorang Sekretaris Daerah dan Empat Asisten yaitu Asisten Ketataprajaan, Asisten Administrasi Pembangunan, Asisten Kesejahteraan Sosial dan Asisten Administrasi.\nNamun tidak seluruh Asisten menempati Gedung Sate. Asisten Kesejahteraan Sosial dan Asisten Administrasi bersama staf menempati Gedung Baru.\nDi bagian timur dan barat terdapat dua ruang besar yang akan mengingatkan pada ruang dansa (ball room) yang sering terdapat pada bangunan masyarakat Eropa. Ruangan ini lebih sering dikenal dengan sebutan aula barat dan aula timur, sering digunakan kegiatan resmi. Di sekeliling kedua aula ini terdapat ruangan-ruangan yang di tempati beberapa Biro dengan Stafnya.\nPaling atas terdapat lantai yang disebut Menara Gedung Sate, lantai ini tidak dapat dilihat dari bawah, untuk menuju ke lantai teratas menggunakan Lift atau dengan menaiki tangga kayu.\nKesempurnaan megahnya Gedung Sate dilengkapi dengan Gedung Baru yang mengambil sedikit gaya arsitektur Gedung Sate namun dengan gaya konstektual hasil karya arsitek Ir.Sudibyo yang dibangun tahun 1977 diperuntukkan bagi para Pimpinan dan Anggota Dewan Perwakilan Rakyat Daerah Provinsi Jawa Barat dalam melaksanakan tugas dan fungsinya sebagai Lembaga Legislatif Daerah.\nGedung Sate telah menjadi salah satu tujuan objek wisata di kota Bandung. Khusus wisatawan manca negara banyak dari mereka yang sengaja berkunjung karena memiliki keterkaitan emosi maupun history pada Gedung ini. Keterkaitan emosi dan history ini mungkin akan terasa lebih lengkap bila menaiki anak tangga satu per satu yang tersedia menuju menara Gedung Sate. Ada 6 tangga yang harus dilalui dengan masing-masing 10 anak tangga yang harus dinaiki.\nKeindahan Gedung Sate dilengkapi dengan taman disekelilingnya yang terpelihara dengan baik, tidak heran bila taman ini diminati oleh masyarakat kota Bandung dan para wisatawan baik domestik maupun manca negara. Keindahan taman ini sering dijadikan lokasi kegiatan yang bernuansakan kekeluargaan, lokasi shooting video klip musik baik artis lokal maupun artis nasional, lokasi foto keluarga atau foto diri bahkan foto pasangan pengantin.\nKhusus pada hari minggu lingkungan halaman Gedung Sate dijadikan pilihan tempat sebagian besar masyarakat untuk bersantai, sekadar duduk-duduk menikmati udara segar kota Bandung atau berolahraga ringan.\nMembandingkan Gedung Sate dengan bangunan-bangunan pusat pemerintahan (capitol building) di banyak ibu kota negara sepertinya tidak berlebihan. Persamaannya semua dibangun di tengah kompleks hijau dengan menara sentral yang megah. Terlebih dari segi letak gedung sate serta lanskapnya yang relatif mirip dengan Gedung Putih di Washington, DC, Amerika Serikat. Dapat dikatakan Gedung Sate adalah ""Gedung Putih""nya kota Bandung.",Budaya,Bandung,4.6,5000,22
4,Trans Studio Bandung,"Trans Studio Bandung adalah kawasan wisata terpadu di Kota Bandung, Indonesia. Trans Studio dibangun pada areal seluas 4,2 hektare dengan investasi mencapai Rp 2 triliun sehingga menjadikan sebagai kawasan hiburan terluas dan terlengkap di Bandung. Wahana yang terdapat menawarkan petualangan dan sensasi baru yang tidak kalah menantang seperti pendahulunya yaitu Trans Studio Resort Makassar yang dibuka pada tahun 2009. Trans Studio Bandung dibuka untuk umum pada tanggal 18 Juni 2011. Trans Studio Bandung adalah taman bermain yang paling komplet di kota Bandung",Taman Hiburan,Bandung,4.5,280000,18
5,Taman Hutan Raya Ir. H. Djuanda,"Taman Hutan Raya Ir. H. Djuanda (Tahura Djuanda) merupakan kawasan konservasi yang terpadu antara alam sekunder dengan hutan tanaman dengan jenis Pinus (Pinus merkusil) yang terletak di Sub-Daerah Aliran Sungai Cikapundung dan DAS Citarum yang membentang mulai dari Curug Dago, Dago Pakar sampai Curug Maribaya yang merupakan bagian dari kelompok hutan Gunung Pulosari.\nTahura Djuanda terletak di sebelah utara Kota Bandung berjarak kurang lebih 7 km dari pusat kota, secara geografis berada pada 1070 30â€™ BT dan 60 52â€™ LS, secara administrasi berada di wilayah Desa Ciburial, Kecamatan Cimenyan, Kabupaten Bandung dan sebagian masuk Desa Mekarwangi, Desa Cibodas, Desa Langensari, dan Desa Wangunharja, Kecamatan Lembang, Kabupaten Bandung Barat serta Kelurahan Dago, Kecamatan Coblong, Kota Bandung.\nBerdasarkan hasil rekonstruksi tata batas Tahura Djuanda tahun 2003, luasnya adalah 526,98 ha.",Cagar Alam,Bandung,4.5,15000,20
6,Farm House Susu Lembang,"Sebagai salah satu tempat wisata lembang baru, Farm house Lembang mulai beroperasi sekitar tahun 2015. Tempat wisata di Bandung biasanya terbantu naik oleh medsos, terutama facebook dan instagram. Tampaknya tempat ini memaksimalkan banget hal ini. Dengan desain atmosfer eropa, banyak spot unik yang pastinya bakal menarik untuk swafoto/selfie, dan di posting di media sosial. memang, Farmhouse Lembang sejauh ini menawarkan â€˜wisata fotoâ€™ sebagai daya tarik utamanya. Mirip-mirip dengan Dago Dream Park, hanya berbeda konsep tempatnya saja.",Taman Hiburan,Bandung,4.4,30000,25
7,Kebun Binatang Bandung,"Kebun Binatang Bandung merupakan salah satu objek wisata alam flora dan fauna di Kota Bandung, Jawa Barat, Indonesia. Kebun Binatang Bandung terletak berdampingan dengan kampus Institut Teknologi Bandung dan Sungai Cikapundung.",Cagar Alam,Bandung,4,20000,21
8,Kawah Putih,"Kawah Putih adalah sebuah tempat wisata di Jawa Barat yang terletak di Desa Alam Endah, Kecamatan Rancabali, Kabupaten Bandung Jawa Barat yang terletak di kaki Gunung Patuha. Kawah putih merupakan sebuah danau yang terbentuk dari letusan Gunung Patuha. Tanah yang bercampur belerang di sekitar kawah ini berwarna putih, lalu warna air yang berada di kawah ini berwarna putih kehijauan, yang unik dari kawah ini adalah airnya kadang berubah warna. Danau Kawah Putih sendiri berada pada ketinggian 2194 m tapi luas total Danau Kawah Putih 25 ha yang dipakai wisata 5 ha dan lokasi kawah sendiri 3 ha.",Cagar Alam,Bandung,4.5,81000,28
9,Tebing Karaton,"Tebing Keraton atau Tebing Karaton merupakan sebuah tebing yang berada di dalam kawasan Taman Hutan Raya Ir. H. Djuanda. Tebing ini terletak di Kampung Ciharegem Puncak, Desa Ciburial, Bandung, Jawa Barat, Indonesia. Dari Tebing Keraton dapat menikmati pemandangan spektakuler. Bukan lampu kota, melainkan hutan!",Cagar Alam,Bandung,4.5,15000,25
10,Dusun Bambu,"Dusun Bambu merupakan taman rekreasi berbasis ecotourism di Jawa Barat dengan konsep â€˜Private Sanctuary Lifestyleâ€™ (Konsep Wisata Sehat). Melalui konsep ini, Dusun Bambu siap menghadirkan sarana rekreasi yang aman dan nyaman dengan senantiasa menerapkan standar protokol kesehatan yang ketat. Memadukan keindahan alam dan budaya tradisional, fasilitas di Dusun Bambu didesain untuk pengalaman wisata alam yang paling berkesan, mulai dari berjalan-jalan santai, bersepeda, menikmati kuliner lezat di tengah pesona alam, hingga mengunjungi replika pedesaan tradisional. Terdapat pula kapasitas kunjungan harian ke Dusun Bambu untuk memastikan bahwa anjuran social distancing tetap dijalankan. Dengan begitu, Dusun Bambu siap menjamin keselamatan kunjungan wisata Anda menyajikan pengalaman kunjungan yang tak tergantikan dan penjelajahan rasa yang memuaskan hati._x000D_",Taman Hiburan,Bandung,4.5,25000,31
11,Museum Geologi Bandung,"Museum Geologi didirikan pada tanggal 16 Mei 1929 Museum ini telah direnovasi dengan dana bantuan dari JICA (Japan International Cooperation Agency). Setelah mengalami renovasi, Museum Geologi dibuka kembali dan diresmikan oleh Wakil Presiden RI, Megawati Soekarnoputri pada tanggal 23 Agustus 2000. Sebagai salah satu monumen bersejarah, museum berada di bawah perlindungan pemerintah dan merupakan peninggalan nasional. Dalam Museum ini, tersimpan dan dikelola materi-materi geologi yang berlimpah, seperti fosil, batuan, mineral. Kesemuanya itu dikumpulkan selama kerja lapangan di Indonesia sejak 1850.",Budaya,Bandung,4.6,2000,23
12,Museum Konferensi Asia Afrika,"Museum Konferensi Asia Afrika merupakan salah satu museum yang berada di kota Bandung yang terletak di Jalan Asia Afrika No. 65. Museum ini merupakan memorabilia Konferensi Asia Afrika. Museum ini memiliki hubungan yang sangat erat dengan Gedung Merdeka. Secara keseluruhan Gedung Merdeka memiliki dua bangunan utama, yang pertama disebut Gedung Merdeka sebagai tempat sidang utama, sedangkan yang berada di samping Gedung Merdeka adalah Museum Konferensi Asia Afrika sebagai tempat memorabilia Konferensi Asia Afrika. Latar belakang dibangunnya museum ini adalah adanya keinginan dari para pemimpin bangsa-bangsa di Asia dan Afrika untuk mengetahui tentang Gedung Merdeka dan sekitarnya tempat Konferensi Asia Afrika berlangsung. Hal ini membuat Menteri Luar Negeri Republik Indonesia, Prof. Dr. Mochtar Kusumaatmadja, S.H., LL.M memiliki ide untuk membangun sebuah museum. Ide tersebut disampaikannya pada forum rapat Panitia Peringatan 25 tahun Konferensi Asia Afrika (1980) yang dihadiri oleh Direktur Jenderal Kebudayaan Prof. Dr. Haryati Soebadio sebagai wakil dari Departemen Pendidikan dan Kebudayaan. Kemudian museum ini diresmikan pada tanggal 24 April 1980 bertepatan dengan peringatan 25 tahun Konferensi Asia Afrika.",Budaya,Bandung,4.6,0,18
13,Masjid Raya Bandung,"Masjid Raya Bandung Provinsi Jawa Barat, yang dulu dikenal dengan nama Masjid Agung Bandung adalah masjid yang berada di Kota Bandung, Jawa Barat, Indonesia. Status masjid ini adalah sebagai masjid provinsi bagi Jawa Barat. Masjid ini pertama dibangun tahun 1810, dan sejak didirikannya, Masjid Agung telah mengalami delapan kali perombakan pada abad ke-19, kemudian lima kali pada abad 20 sampai akhirnya direnovasi lagi pada tahun 2001 sampai peresmian Masjid Raya Bandung 4 Juni 2003 yang diresmikan oleh Gubernur Jabar saat itu, H.R. Nuriana. Masjid baru ini, yang bercorak Arab, menggantikan Masjid Agung yang lama, yang bercorak khas Sunda.\nMasjid Raya Bandung, seperti yang kita lihat sekarang, terdapat dua menara kembar di sisi kiri dan kanan masjid setinggi 81 meter yang selalu dibuka untuk umum setiap hari Sabtu dan Minggu. Atap masjid diganti dari atap joglo menjadi satu kubah besar pada atap tengah dan yang lebih kecil pada atap kiri-kanan masjid serta dinding masjid terbuat dari batu alam kualitas tinggi. Kini luas tanah keseluruhan masjid adalah 23.448 mÂ² dengan luas bangunan 8.575 mÂ² dan dapat menampung sekitar 13.000 jamaah.",Tempat Ibadah,Bandung,4.7,0,20
14,Dago Dreampark,Dago Dreampark merupakan wisata kekinian di Kota Bandung dengan luas 13 hektar yang mengusung konsep Jawa - Sunda & Bali dengan dilengkapi berbagai fasilitas & wahana yang menarik.,Taman Hiburan,Bandung,4.2,40000,20
15,Orchid Forest Cikole,"Orchid Forest Cikole Lembang sudah berdiri sejak Agustus tahun 2017. Tempat ini merupakan taman anggrek terluas di Indonesia. Berada di tengah kawasan hutan lindung dan terbentang seluas 12 hektar. Setidaknya terdapat 157 jenis bunga anggrek beraneka macam dikembangkan di sini. Orchid Forest Cikole Bandung memfokuskan diri untuk memperkenalkan dan membudidayakan berbagai tanaman anggrek. Menggunakan metode lokal maupun internasional. Spesies Anggreknya tidak hanya berasal dari Indonesia yang memang merupakan negara kedua terbanyak memiliki varian anggrek. Tanaman anggrek di Orchid Forest juga berasal dari negara lain, seperti Venezuela, Argentina, Filipina, Peru, dan Amerika serikat.",Taman Hiburan,Bandung,4.6,50000,24
16,Kawasan Punclut,"Punclut yang merupakan singkatan dari Puncak Ciumbuleuit adalah salah satu kawasan yang terletak di sebelah utara Kota Bandung. Kawasan ini terletak 7 kilometer dari pusat kota Bandung. Pada akhir pekan, kawasan Punclut dipenuhi oleh wisatawan yang datang untuk berwisata dan menikmati pemandangan Kota Bandung. Banyak warga maupun wisatawan yang menggunakan kawasan ini untuk melakukan jalan atau olahraga pagi setiap hari Minggu.",Taman Hiburan,Bandung,4.4,20000,25
17,Alun-Alun Kota Bandung,Alun-alun Bandung adalah pusat kota Bandung yang dicirikan oleh sebidang tanah yang luas. Di sekelilingnya ada bangunan-bangunan fungsional. Tempatnya ada di dekat Grote Postweg.,Taman Hiburan,Bandung,4.6,0,25
18,Museum Sri Baduga,"Museum Sri Baduga merupakan sebuah museum yang terletak di kota Bandung, Jawa Barat, Indonesia.\nMuseum ini dikelola oleh pemerintah provinsi Jawa Barat, yang mulai didirikan pada tahun 1974 dengan memanfaatkan bangunan lama bekas Kawedanan Tegallega, yang kemudian diresmikan pada tanggal 5 Juni 1980 oleh Menteri Pendidikan dan Kebudayaan waktu itu, Daoed Joesoef.\nPenamaan museum ini diambil dari gelar salah seorang raja Pajajaran, Sri Baduga Maharaja sebagaimana tertulis pada Prasasti Batutulis. Dan kemudian ditetapkan melalui Kepmendikbud nomor 02223/0/1990 tanggal 4 April 1990._x000D_",Budaya,Bandung,4.5,3000,20
19,Rabbit Town,"Rabbit Town Bandung merupakan salah satu wisata unik di Bandung yang didirikan pada 11 Januari 2018. Tempat wisata yang menjadikan hewan kelinci sebagai ikon utama. Pada seluruh dekorasi dibuat dengan tampilan selucu mungkin dan juga menampilkan berbagai jenis kelinci lucu. Pengunjung yang tertarik dengan hewan ini bisa membawa pulang kelinci dengan membelinya terlebih dahulu. Tempat wisata ini dimiliki oleh CEO Chairman Kaum Group yaitu Pak Henry Husada. Pak Henry sendiri dengan sengaja menjadikan salah satu rumahnya yang memiliki luas dua hektar dengan 30 kamar, dibangun sebuah objek wisata unik. Selain adanya spesies kelinci, tempat ini juga menyuguhkan spot foto bagus. Tak hanya itu, di dalam wisata ini juga terdapat beberapa wahana untuk anak-anak sehingga bagi pengunjung yang membawa serta anaknya akan merasa betah berlama-lama.",Taman Hiburan,Bandung,4,45000,13
20,Stone Garden Citatah,"Stone  Garden, adalah sebutan nama untuk hamparan tanah yang diisi oleh  formasi batuan tak beraturan yang indah dan membentuk taman alam.Bandung  memiliki banyak wisata alam yang sangat luar biasa. Ternyata Bandung  memiliki wisata alam gua, yaitu Gua Pawon dan wisata Stone Garden. Gua  Pawon merupakan gua yang terbentuk pada zaman purba.Gua ini digunakan  oleh manusia purba sebagai tempat berlindung. Dan uniknya di atas Gua  Pawon terdapat hamparan bebatuan yang sangat indah dengan pemandangan  luar biasa dikenal dengan nama Stone Garden -Taman Batu. Tidak kalah  indah dengan wisata alam Tangkuban Perahu, Kawah Putih Ciwidey, dan Situ  Patengan merupakan kawasan wisata alam yang sering dikunjungi oleh  banyak wisatawan lokal maupun mancanegara. _x000D_",Taman Hiburan,Bandung,4.4,30000,17
21,The Great Asia Africa,"Kota Bandung tampaknya tidak pernah kehabisan ide kreatif dalam mengembangkan destinasi wisata. Berbagai tujuan berlibur tersedia di sini, mulai dari wisata kuliner, sejarah, hingga edukasi. Kemasannya pun dengan cara yang unik dan menarik, seperti yang ada di The Great Asia Africa. Kawasan wisata teranyar di Lembang ini menawarkan pengalaman menjelajahi beberapa negara di dua benua, selaras dengan namanya.",Taman Hiburan,Bandung,4.4,50000,22
22,Bukit Moko,"Bandung sebagai destinasi wisata tak pernah ada habisnya. Didukung dengan lanskap yang cantik, kawasan Bandung mampu menarik perhatian wisatawan. Baik dari segi alam, budaya, kuliner, dan seni kreatif secara bersamaan. Dari sekian banyak tempat wisata yang tersedia, Bukit Moko Bandung menjadi salah satu yang cukup populer namanya dalam beberapa tahun belakangan. Berada di ketinggian sekitar 1500 mdpl, Bukit Moko memiliki cuaca yang sejuk. Bagi pengunjung yang tidak biasa di cuaca ini, ada baiknya membawa jaket tebal apalagi jika datang saat musim penghujan.",Cagar Alam,Bandung,4.5,25000,23
23,Gunung Papandayan,"Gunung Papandayan adalah gunung api strato yang terletak di Kabupaten Garut, Jawa Barat tepatnya di Kecamatan Cisurupan. Gunung dengan ketinggian 2665 meter di atas permukaan laut itu terletak sekitar 70 km sebelah tenggara Kota Bandung.\nPada Gunung Papandayan, terdapat beberapa kawah yang terkenal. Di antaranya Kawah Mas, Kawah Baru, Kawah Nangklak, dan Kawah Manuk. Kawah-kawah tersebut mengeluarkan uap dari sisi dalamnya.\nTopografi di dalam kawasan curam, berbukit dan bergunung serta terdapat tebing yang terjal. Menurut kalisifikasi Schmidt dan Ferguson termasuk type iklim B, dengan curah hujan rata-rata 3.000 mm/thn, kelembaban udara 70 â€“ 80 % dan temperatur 10 Â°C.",Cagar Alam,Bandung,4.6,30000,31
24,Amazing Art World,"Amazing Art World Bandung, sebuah objek wisata yang terletak di Bandung, yang menegaskan bahwa destinasi wisata itu bukan hanya sekedar tentang pantai, air terjun, atau wisata alam lainnya saja. Hasil karya lukisanpun ternyata mampu menjadi sebuah destinasi wisata yang sangat menyenangkan. Apalagi lukisan 3D, selain keren, tetapi mampu membuat manipulasi bagi mata para pengunjung. Luasnya Amazing Art World Bandung menjadikannya sebagai salah-satu museum lukisan 3D terbesar, bukan hanya di tingkat nasional, tetapi di dunia.",Budaya,Bandung,4.5,75000,23
25,Gua Belanda,"Gua Belanda Bandung merupakan sebuah gua yang berada dalam kawasan yang sekarang ditetapkan sebagai Taman Hutan Raya Ir. H. Djuanda adalah bentangan pegunungan dari Barat sampai ke Timur yang merupakan â€œtangki air raksasa alamiahâ€ untuk cadangan di musim kemarau. Di daerah Aliran Sungai Cikapundung yang ada di Taman Hutan Raya Ir. H. Djuanda pada masa pendudukan Belanda dibangun Pembangkit Listrik Tenaga Air (PLTA) Bengkok yang merupakan PLTA pertama di Indonesia pada tahun 1918, dimana terowongan tersebut melewati Perbukitan batu pasir tufaan.",Cagar Alam,Bandung,4.4,15000,22
26,Taman Balai Kota Bandung,"Taman Balai Kota Bandung merupakan sebuah taman kota yang terletak di Kota Bandung. Taman ini berada di sebelah selatan Balai Kota Bandung. Saat ini, Taman Balai Kota Bandung terdiri dari dua taman yang menyatu, antara lain Taman Dewi Sartika dan Taman Badak. Kedua taman tersebut diresmikan oleh Walikota Bandung saat itu, Ridwan Kamil, pada tanggal 19 Desember 2017._x000D_",Taman Hiburan,Bandung,4.6,0,30
27,Panghegar Waterboom Bandung,"Panghegar Waterboom Bandung merupakan salah satu destinasi wisata yang wajib dikunjungi bagi wisatawan yang hendak mengajak buah hatinya bermain air. Terletak di Buah Batu, lokasi ini kerap kali diincar saat akhir pekan. Tak hanya menyuguhkan kolam renang, tempat ini juga menyediakan berbagai wahana menarik yang sayang jika dilewatkan. Terdiri dari seluncuran air yang dibagi untuk 2 kategori yaitu seluncuran orang dewasa dan seluncuran anak-anak. Destinasi rekreasi keluarga menawarkan beragam kegiatan seru, baik untuk anak-anak maupun dewasa. Terdapat beberapa jenis kolam yang bisa dicoba: kolam ombak, kolam mini, kolam arus, dan lain sebagainya. Ada pun yang paling baru di Panghegar Waterboom Bandung yaitu kolam air panas yang disajikan bagi wisatawan yang hendak berendam.",Taman Hiburan,Bandung,4.3,75000,16
28,Gunung Manglayang,"Gunung Manglayang adalah sebuah gunung bertipe Stratovolcano yang terletak di antara Kota Bandung dan Kabupaten Sumedang, Jawa Barat, Indonesia dan memiliki ketinggian sekitar 1818 mdpl. Pemandangannya cukup indah, tetapi karena relatif tidak terlalu tinggi, sehingga kurang dikenal oleh pendaki-pendaki gunung pada umumnya.Dalam deretan gunung-gunung Burangrang â€“ Tangkuban Perahu â€“ Bukit Tunggul â€“ Gunung Manglayang, Gunung Manglayang menjadi gunung yang terindah dari rangkaian keempat gunung tersebut. Mungkin itulah sebabnya di kalangan para penggiat alam bebas, gunung ini sempat terlupakan terkecuali para penggiat alam bebas dari Bandung dan sekitarnya. Walaupun begitu, Gunung Manglayang tetap menawarkan pesona alamnya tersendiri.",Cagar Alam,Bandung,4.5,7500,17
29,Lembang Park & Zoo,"Di Lembang Park & Zoo ada 370 ekor satwa, lengkap dari berbagai jenis herbivora, karnivora, dan omnivora. Luas total tempat ini mencapai 20 hektar, namun baru 10 hektar yang dikembangkan. Sisanya akan dikembangkan sebagai wisata berkonsep safari. Di area safari tersebut, pengunjung bisa berkeliling menggunakan kendaraan untuk melihat satwa yang bebas dilepas di area tersebut.",Cagar Alam,Bandung,4.5,50000,21
30,Taman Lalu Lintas Ade Irma Suryani Nasution,"Taman Lalu-lintas Ade Irma Suryani adalah sebuah taman rekreasi yang ada di jantung kota Bandung, Jawa Barat, Indonesia. Selain sebagai taman dan tempat bermain, di sini juga dijadikan pusat latihan membaca rambu-rambu lalu lintas. Taman Lalu Lintas memiliki pengertian bahwa sebuah taman lalu lintas atau traffic taman anak-anak adalah sebuah taman di mana anak-anak dapat mempelajari aturan jalan . Sebuah taman lalu lintas juga disebut sebuah desa taman transportasi atau lalu lintas taman atau keselamatan tergantung pada lokal .Taman lalu lintas sering dibuat sebagai daya tarik dalam taman yang lebih besar . Dalam kasus lain, mereka sekali pakai taman dan sering dalam skala kecil . Mereka dapat ditemukan di daerah perkotaan maupun pedesaan .",Taman Hiburan,Bandung,4.4,7000,22
31,Lawangwangi Creative Space,"Lawangwangi merupakan sebuah galeri seni dengan konsep retro modern. Mememadukan keindahan alam dan cita rasa kuliner. Hmm, bikin penasaran ya Teman Traveler. Lawangwangi Creative Space sebelumnya hanya sekedar menyediakan Lab Math dan Art Space bagi para pecinta dan penikmat seni. Pengunjung bisa menemukan sebuah ruangan khusus untuk memamerkan kreasi dari beragam seniman. Karya yang ditampilkan berbeda-beda tiap bulan. Namun galeri seni yang mulanya diprediksi dapat menarik banyak pengunjung, rupanya justru kurang diminati. Akhirnya dengan memadukan keindahan alam sekitar bangunan, dibangunlah sebuah kafe modern dengan nuansa seni.",Taman Hiburan,Bandung,4.4,0,26
32,Curug Dago,Curug Dago Kota Bandung Jawa Barat berada di ketinggian 800 meter di atas permukaan air laut dengan tinggi air terjun mencapai 12 meter. Air terjun ini terbentuk sebagai akibat aliran Sungai Cikapundung yang mengalir sepanjang area Maribaya hingga Kota Bandung. Curug Dago pakar Bandung punya nilai historis yang tinggi dengan jejak sejarah hingga Kerajaan Thailand. Alasannya adalah dengan adanya prasasti Kerajaan Thailand dari abad ke-18 yang bertuliskan nama Raja Chulalongkom III atau Rama V dari Kerajaan Thailand.,Cagar Alam,Bandung,4,12000,19
33,Kampung Korea Bandung,Kampung Korea adalah sebuah kawasan di kota Bandung yang dibangun semirip mungkin dengan karakter kota Seoul di Korea Selatan. Tujuan pengembangan kawasan ini adalah sebagai bagian dari kegiatan sister city antara Bandung dengan Seol. Pembangunan dimulai pada tahun 2017 atas inisiatif Ridwan Kamil selaku wali kota Bandung saat itu.\nKeberadaan kampung korea ditujukan untuk meningkatkan pariwisata kota Bandung._x000D_,Budaya,Bandung,4.1,15000,13
34,Kampung Batu Malakasari,"Kampung Batu Malakasari adalah sebuah tempat wisata yang didirikan di bekas penambangan batu. Di lokasi tersebut masih terlihat jelas pahatan-pahatan bekas penambangan Batu. Kini, di bekas penambangan batu itu terisi oleh air yang membentuk menjadi sebuah danau. Tempat wisata ini berkonsep wahana wisata pendidikan, petualangan dan kuliner. Biasanya sering dijadikan destinasi field trip sekolah-sekolah di sekitar Bandung. Berbagai wahana dan fasilitasnya sangat lengkap untuk menunjang program field trip sekolah-sekolah._x000D_",Taman Hiburan,Bandung,4.1,10000,34
35,Jendela Alam,"Tidak hanya menikmati alam sekitar yang masih sejuk dan hijau, anak anda juga bisa mengikuti berbagai kegiatan edukasi yang bermanfaat. Berbagai kegiatan edukasi disediakan dan dirancang sedemikian rupa sehingga menarik buat keluarga. Kegiatan edukasi yang tersedia cocok untuk anak mulai dari usia TK sampai dengan SMA.",Taman Hiburan,Bandung,4.4,20000,21
36,Curug Tilu Leuwi Opat,"Curug Tilu Leuwi Opat merupakan salah satu wisata curug di Lembang. Tempatnya sendiri cukup luas. Disini ada area outbond, camping, dan tentunya wisata air terjun dan sungai. Area depan berupa lembah dengan sungai jernih. Biasanya outbond, camping, dan permainan dilakukan di area ini. Lokasi curug tilu leuwi opat sebenarnya bertetangga langsung dengan Dusun Bambu lho. Pernah ke dusun bambu? jika naik ke skywalk lutung kasarung, atau mengunjungi area camping, anda bisa melihat lembah yang berbatasan langsung dengan dusun bambu. Nah, lembah itu termasuk ke dalam area wisata curug tilu leuwi opat. Di lembah ini mengalir sungai dengan air jernih yang bersumber dari Situ Lembang.",Cagar Alam,Bandung,4.4,10000,26
37,Kiara Artha Park,"Kiara Artha Park merupakan sebuah kawasan terpadu yang memadukan konsep hunian, bisnis, komersial, dan wisata yang ikonik di Kota Bandung dengan luas + 2.9 hektar. Kiara Artha Park sendiri merupakan salah satu dari sekian banyak  ruang publik bertemakan Taman Kota yang ada di Bandung yang terletak di tengah Kota Bandung . Taman ini melengkapi taman-taman tematik lainnya yang sudah ada di Kota Bandung. Taman  kota ini  kini menjadi salah satu tujuan wisata warga Bandung khususnya dan  bagi masyarakat umum. Meskipun Taman ini baru dibuka yaitu pada tanggal 17 Agustus 2019, warga Bandung  dan masyarakat sangat antusias datang dan menikmati berbagai aktivitas dan wahana yang ada._x000D_",Taman Hiburan,Bandung,4.4,15000,18
38,NuArt Sculpture Park,"NuArt Sculpture Park ini merupakan sebuah gallery miliki seorang seniman ternama di Bandung yang bernama Nyoman Nuarta. Terlahir di Tabanan Bali, Nyoman Nuarta akhirnya menetap di Bandung. Dan ada fakta menarik dari seniman berkelas internasional tersebut, dimana ia dahulu rupanya lulusan dari Fakultas Seni Rupa dari perguruan tinggi ternama di Bandung yakni ITB pada tahun 1979 silam. Kehlian Nyoman Nuarta sebagai seorang maestro pemahat dan juga pematung hebat memang sudah dikenal secara internasional, maka dari itu ia pun membuat NuArt Sculpture Park ini untuk memamerkan semua karya seni yang ia miliki selama ini.",Taman Hiburan,Bandung,4.7,50000,33
39,Upside Down World Bandung,"Upside Down World Bandung pertama kali dibuka pada 10 Oktober 2016 dengan konsep yang sangat unik. Semua furnitur yang berada di Upside Down World ini dipasang terbalik seolah pengunjung berada di langit-langit ruangan. Dengan konsep rumah terbaik tempat wisata ini memiliki keunikan tersendiri. Pengunjung yang datang ke sini kebanyakan para kawula muda yang ingin berfoto dengan latar yang tak biasa. Di dalam bangunan ini terdapat sepuluh ruangan dengan tema yang berbeda-beda layaknya di dalam sebuah rumah. Ada ruang tamu, kamar tidur anak, ruang keluarga, ruang santai, dapur, kamar mandi, dan lain sebagainya. Pengunjung bisa mengambil gambar pada semua ruangan dan hasil foto dapat dicetak di layanan cetak foto. Jika pengunjung merasa tak biasa dan bingung harus bergaya foto seperti apa, maka akan ada petugas yang dapat mengarahkan gayanya. Atau dengan melihat hasil foto para pengunjung sebelumnya yang dipasang di ruangan itu._x000D_",Taman Hiburan,Bandung,4,100000,19
40,Pesona Nirwana Waterpark & Cottages,"Pesona Nirwana Waterpark merupakan sebuah objek wisata wahana air seluas 4000 meter persegi yang berlokasi di Kampung Legok Jeungjing, Desa Panyirapan, Kecamatan Soreang, Kabupaten Bandung.\nBerjarak sekitar 1 Km dari Kantor Pemda Kabupaten Bandung. Lokasi wisata ini dibuka untuk umum setiap hari dan bisa menjadi alternatif pilihan lokasi wisata Kabupaten Bandung selain kawasan wisata Ciwidey\n\nLokasi Pesona Nirwana Waterpark merupakan bekas kawasan tambang galian C dengan tebing curam di hampir sebagian lokasinya dan merupakan bagian dari rencana resort ramah lingkungan dengan total target pembangunan seluas 4 hektar.\nPemilik dari Pesona Nirwana Waterpark adalah I Nyoman Nuarta, seorang pematung asal Bali yang juga terkenal sebagai tokoh pelestarian lingkungan",Taman Hiburan,Bandung,4.1,50000,29
41,Taman Lansia,"Berlibur santai di akhir pekan cocok dilakukan dengan menghabiskan waktu di taman. Salah satu taman yang dapat menjadi tujuan wisata adalah Taman Lansia Bandung. Lansia merupakan singkatan dari Lanjut Usia. Meski begitu, taman ini tidak dikhususkan untuk para lansia, namun untuk semua kalangan. Nama lansia kemungkinan diberikan karena usia taman ini yang sudah sangat tua. Bahkan, usianya sudah ratusan tahun, karena sudah ada sejak tahun 1885.",Taman Hiburan,Bandung,4.4,0,18
42,Kampoeng Tulip,"Kampoeng Tulip ialah salah satu objek wisata di Bandung yang lokasinya dipenuhi dengan bunga-bunga tulip yang sangat indah. Tulip sendiri adalah bunga cantik yang identik dengan Negara Kincir Angin yaitu Belanda. Jika Anda ingin menyaksikan bunga tulip, Anda tidak perlu jauh-jauh ke Belanda. Melainkan, cukup pergi ke kota Bandung saja, Anda sudah bisa menemuinya. Lokasi wisata ini memiliki banyak pengunjung, mulai dari wisatawan dalam kota maupun luar kota.",Taman Hiburan,Bandung,3.8,15000,30
43,Selasar Sunaryo Art Space,"Selasar Sunaryo Art Space (SSAS) adalah sebuah ruang dan organisasi nirlaba yang bertujuan mendukung pengembangan praktik dan pengkajian seni dan kebudayaan visual di Indonesia. Dididirikan pada tahun 1998 oleh Sunaryo, SSAS aktif menyelenggarakan kegiatan-kegiatan yang berorientasi pada edukasi publik. Dengan arahan & dukungan dari Yayasan Selasar Sunaryo, fokus utama SSAS adalah pada penyelenggaraan program-program seni rupa kontemporer, melalui pameran, diskusi, residensi & lokakarya. Sebagai pusat kebudayaan, SSAS menyelenggarakan kegiatan-kegiatan yang berhubungan dengan disiplin-disiplin seni lain seperti desain, kriya, seni pertunjukan, sastra, arsitektur, dan lain sebagainya. Selain memajang koleksi permanen, SSAS juga menyelenggarakan pameran-pameran tunggal atau bersama yang menampilkan karya-karya para seniman muda dan senior, dari Indonesia maupun mancanegara.",Taman Hiburan,Bandung,4.6,25000,21
44,Teras Cikapundung BBWS,"Teras Cikapundung Bandung sebelumnya merupakan daerah yang kumuh dan tak terurus yang berhasil diubah menjadi tempat wisata. Cikapundung adalah sungai yang membelah Kota Bandung yang dimulai dari daerah Bandung Utara dan bermuara di Sungai Citarum, Bandung Selatan. Sebelumnya, taman ini merupakan tempat berkumpulnya orang-orang kreatif seperti para seniman yang ada di Bandung. Terdapat beberapa sanggar seni dan ramainya warung makan di tempat ini, sampai pada akhirnya terlantar dan dibiarkan kotor. Kini Teras Cikapundung Bandung telah berubah menjadi tempat wisata terbuka untuk umum dengan konsep ekologi dan urban. Berbagai fasilitas menarik tersedia di Teras Cikapundung dan bisa digunakan pada saat rekreasi ke obyek wisata yang satu ini. Dilengkapi dengan kolam ikan dan lampu-lampu, membuat taman ini sangat cantik dikunjungi pada malam hari. Terlebih suasananya yang ramai membuat para pengunjung lupa bahwa dulunya tempat ini pernah dijuluki sebagai â€œtempat jin buang anakâ€.",Taman Hiburan,Bandung,4.3,0,19
45,Museum Barli,"Museum Barli adalah sebuah museum yang terletak di Kota Bandung. Museum ini didedikasikan untuk mengenang dan memamerkan hasil karya pelukis Barli Sasmitawinata. Museum ini didirikan pada tahun 1990 dan diresmikan pada Oktober 1992 oleh Soesilo Soedarman, Menteri Pariwisata, Pos, dan Telekomunikasi pada waktu itu. Awalnya museum ini tidak dibuka untuk umum. Namun, saat ini museum dapat dikunjungi oleh siapa saja. Museum ini juga menjadi tempat dari berbagai kegiatan seni seperti pameran karya seni rupa, penjualan karya, diskusi dan sarasehan, pelatihan studio keramik dan lukis.",Budaya,Bandung,4.4,15000,24
46,Wisata Batu Kuda,"Kawasan Batu Kuda berupa perbukitan dengan hutan pinus yang indah. Berada di ketinggian antara 1150 sampai dengan 1300 mdpl, segarnya pegunungan Bandung bisa anda dapatkan disini. Batu Kuda berada di bawah pengawasan Perhutani langsung. Dulu tempat ini terkesan apa adanya. Tapi sekarang sudah jauh lebih tertata. Biasanya, tempat ini jadi tujuan wisata keluarga warga sekitarnya saja. Tapi sekarang, sudah lebih dikenal dan lebih banyak dikunjungi wisatawan juga.",Cagar Alam,Bandung,4.4,10000,15
47,Monumen Bandung Lautan Api,"Monumen Bandung Lautan Api, merupakan monumen yang menjadi markah tanah Bandung. Monumen ini setinggi 45 meter, memiliki sisi sebanyak 9 bidang.\nMonumen ini dibangun untuk memperingati peristiwa Bandung Lautan Api, dimana terjadi pembumihangusan Bandung Selatan yang dipimpin oleh Muhammad Toha.\nMonumen ini berada di tengah-tengah kota yaitu terletak di kawasan Lapangan Tegallega. Monumen ini menjadi salah satu monumen terkenal di Bandung.\nMonumen ini menjadi pusat perhatian setiap tanggal 23 Maret mengenang peristiwa Bandung Lautan Api._x000D_",Budaya,Bandung,4.3,0,23
48,Museum Gedung Sate,"Salah satu museum yang menjadi ikon kota ini adalah Museum Gedung Sate. Museum yang berada di gedung yang sama dengan kantor dinas Gubernur Jawa Barat ini dibangun pada masa kolonial oleh arsitek Belanda, Johan Gerber. Diresmikan pada 8 Desember 2017 dan mengusung 'Smart Museum', Museum Gedung Sate ini menjadi museum interaktif pertama di Indonesia. Konsep tersebut memberikan panduan informasi mengenai bangunan bersejarah menggunakan teknologi digital._x000D_",Budaya,Bandung,4.6,5000,23
49,Monumen Perjuangan Rakyat Jawa Barat,"Monumen Perjuangan Rakyat Jawa Barat (Monju) adalah Museum Sejarah Perjuangan Rakyat Jawa Barat, di Tatar Pasundan atau Parahyangan. Monumen diresmikan oleh Gubernur Jawa Barat, Raden Nana Nuriana pada tanggal 23 Agustus 1995.",Budaya,Bandung,4.5,0,29
50,Museum Pos Indonesia,"Museum Pos Indonesia telah ada sejak masa Hindia Belanda dengan nama Pos Telegraph dan Telepon (PTT). Pada tahun 1931 telah dibuka Museum PTT yang terletak di bagian sayap kanan bawah Gedung Kantor Pusat PTT, Jalan Cilaki, nomor 55, Bandung, (sekarang nomor 73). Atau tepatnya di sayap timur gedung pusat pemerintahan Provinsi Jawa Barat yang lebih terkenal dengan Gedung Sate. Pada 27 September 1983, Menteri Pariwisata, Pos dan Telekomunikasi meresmikan PTT menjadi Museum Pos Indonesia. Koleksi museum ini terdiri atas prangko-prangko dari Indonesia dan berbagai negara yang sangat bersejarah, dengan jumlah mencapai 131.000.000 keping perangko dan 200 koleksi peralatannya, yakni berupa timbangan paket, alat cetak perangko, surat-surat berharga, armada pengantar surat, dan lain sebagainya. Selain menyimpan peninggalan pos tersebut dalam ruang pamer, Museum ini juga memiliki ruang social center yang dapat diperuntukan bagi aneka kegiatan._x000D_",Budaya,Bandung,4.5,10000,28
51,Ciwangun Indah Camp Official,"Ciwangun Indah Camp atau CIC adalah sebuah tempat rekreasi berkonsep petualangan alam dan outbound. Tempat ini terletak di kecamatan Parongpong Kabupaten Bandung Barat, bersebelahan dengan dusun bambu. Dengan latar alam hutan di bawah kaki gunung Burangrang, CIC layak dijadikan destinasi wisata. Dengan tempat yang masih terjaga keindahan alamnya, beberapa aktivitas bisa dilakukan di CIC. Aktivitas yang cocok untuk dilakukan di CIC adalah kegiatan yang berbasis petualangan alam. Berikut beberapa kegiatan yang cocok untuk dilakukan di Ciwangun Indah Camp.",Cagar Alam,Bandung,4.3,10000,19
52,Wot Batu,"Wot Batu adalah sebuah konfigurasi energi yang hadir dari perjalanan spiritualitas dan transendental Sunaryo. Dalam ruang terbuka seluas Â±2000 m2 dengan rangkaian 135 +1, batu-batu ditanam dan ditata secara konseptual dan harmoni. Sunaryo menarik garis dari pegunungan di sekitar Bandung, dan dari garis itu dibawanya batu-batu vulkanik sebagai medium mahakarya yang tak lekang oleh waktu. Setiap pahatan, tatahan, dan pecahan bukanlah hasil dari usaha untuk mengubah batu, namun untuk menorehkan catatan untuk sebuah peradaban â€“ warisan dari abad ke-21 untuk masa yang akan datang.\nSunaryo menciptakan Wot Batu sebagai â€˜jembatan spiritualâ€™: penyeimbang antara jiwa manusia dengan wujud ragawi kehidupan, sebagai penghubung di antara empat elemen alam. Dalam Wot Batu, tanah, api, air dan angin berbicara satu sama lain dalam harmoni. Wot Batu menyampaikan gagasan tentang ruang dan waktu â€“ sebuah penyadaran tentang eksistensi manusia dalam dimensi alam yang tak berbatas.",Cagar Alam,Bandung,4.7,50000,17
53,Curug Batu Templek,"Curug Batu Templek Bandung adalah sebuah wisata alam air terjun yang terletak di Kota Bandung Timur. Dari sekian banyak wisata alam air terjun di Bandung, Curug Batu Templek tak kalah menarik karena pemandangan di sekitarnya dipenuhi dengan terbing yang berbatu cadas. Sejarah Curug Batu Templek sangat sederhana, hanya karena di tempat ini dahulunya terdapat penambangan batu yang terdapat sebuah aliran air terjun dan diketahui aliran tersebut berasal dari sungai yang ada di atas tebing sehingga dinamakan Curug Batu Templek.",Cagar Alam,Bandung,4.1,5000,21
54,Gereja Katedral Santo Petrus Bandung,"Gereja Katedral Bandung, atau Katedral Santo Petrus, adalah sebuah gereja yang terletak di Jalan Merdeka, Babakanciamis, Sumurbandung, Bandung, Indonesia. Bangunan ini dirancang oleh Charles Prosper Wolff Schoemaker dan bergaya arsitektur neo-Gothic akhir. Dilihat dari atas, bentuknya menyerupai salib yang simetris. Katedral Santo Petrus mempunyai luas tanah sebesar 2.385 mÂ² dan luas bangunan sebesar 785 mÂ². Gerejanya sendiri diberi nama St. Franciscus Regis pada tanggal 16 Juni 1895. Setelah Bandung memperoleh status gemeente (setingkat kotamadya) pada 1906, diputuskan untuk membangun bangunan gereja baru. Pembangunan bangunan yang baru dilaksanakan sepanjang tahun 1921. Katedral ini lalu diberkati pada 19 Februari 1922 oleh Mgr. Edmundus Luypen, S.J.",Tempat Ibadah,Bandung,4.8,0,23
55,Museum Mandala Wangsit Siliwangi,"Museum Wangsit Mandala Siliwangi adalah museum militer yang berada di Kota Bandung, Jawa Barat. Siliwangi merupakan nama komando daerah militer TNI-AD di Jawa Barat dan Banten yang namanya diambil dari raja dari Kerajaan Sunda yang beribu kota di Pakuan Pajajaran yang kekuasaanya konon tak terbatas, juga arif dan bijaksana serta wibawa dalam menjalankan roda pemerintahan. Sedangkan arti Mandala Wangsit merupakan sebuah tempat untuk menyimpan amanat, petuah atau nasihat dari pejuang masa lalu kepada generasi penerus melalu benda-benda yang ditinggalkannya. Museum ini diresmikan oleh panglima divisi Siliwangi Kolonel Ibrahim Adjie pada tanggal 23 Mei 1966. Museum ini berlokasi di Jalan Lembong, kecamatan Sumurbandung. Jalan ini diambil dari nama Letkol Lembong, salah satu prajurit Siliwangi yang menjadi korban dalam Peristiwa Kudeta Angkatan Perang Ratu Adil. Sebelumnya jalan itu bernama Oude Hospitaalweg.",Budaya,Bandung,4.4,10000,29
56,Caringin Tilu,"Bandung tidak pernah kehilangan pesonanya, wisata alamnya selalu membius wisatawan untuk berkunjung. Caringin Tilu salah satunya, wisata dengan pemandangan alam yang indah. Pemandangan Kota Bandung yang terhampar 180 derajat. Tempat favorit wisatawan di kawasan wisata ini adalah Bukit Moko. Dimana di sana tersedia banyak kafe dan tempat makan yang siap menemani libur santai wisatawan. Siang hari, pemandangan alam indah disuguhkan, dan malam hari saatnya digantikan pemandangan lampu kota.",Cagar Alam,Bandung,4.4,0,24
57,Panama Park 825,"Panama Park Bandung menjadi salah satu tempat bermain di Bandung, Jawa Barat. Wahana rekreasi yang disebut-sebut terbesar di Bandung ini dibuka sejak Mei 2019 lalu. Ada beberapa permainan yang ditawarkan di arena ini, misalnya playground hingga snow park yang berisi salju. Pengguna pun bisa merasakan sensasi salju sebenarnya.",Taman Hiburan,Bandung,4.4,50000,18
58,Sudut Pandang Bandung,"Sudut Pandang Cafe Bandung merupakan sebuah destinasi wisata baru di kawasan Pluncut. Sudut Pandang Cafe Bandung ini sendiri tepatnya berada di kawasan Sarae Hills di Jalan Pagermaneuh, RT 05/RW 07, Pagerwangi, Lembang, Kabupaten Bandung Barat, Jawa Barat. Sebagai informasi, Sarae Hills merupakan kawasan wisata di Punclut yang memadukan wisata alam, wisata kuliner, wisata selfie dan kegiatan outbound. Di kawasan ini, kamu bisa berlibur bersama teman atau keluarga sambil menikmati pemandangan alam serta Bandung city view. Sebelumnya Sarae Hills telah bekerja sama dengan beberapa tempat wisata yakni Tafso Barn, Lereng Anteng, De BlankON, Dago Bakery, Cakrawala Sparkling Nature, dan Dâ€™Dieuland. Nah, mulai tanggal 5 September kemarin, Sarae Hills dihiasi dengan sebuah cafe yang tak lain adalah Sudut Pandang Cafe Bandung.",Taman Hiburan,Bandung,4.6,50000,23
59,Bumi Perkemahan Batu Kuda,"Bumi Perkemahan Batu Kuda ini terletak di Desa Cibiru Wetan, Kecamatan Cileunyi, Kabupaten Bandung, tepatnya berada di kaki gunung Manglayang. Area Batu Kuda sendiri cukup terkenal di kalangan masyarakat sekitar. Selain karena merupakan titik pertama bagi para pendaki yang hendak melanjutkan perjalanan ke puncak gunung Manglayang, konon pada zaman dahulu, seorang prabu dari sebuah kerajaan di Jawa Barat yang bernama Prabu Layang Kusuma sedang menunggangi kuda nya yang bisa terbang di sekitar gunung Manglayang. Dan secara tiba â€“ tiba kuda yang ditunggangi sang Prabu terjerembab ke dalam kubangan. Sekuat apapun usaha kuda tersebut untuk keluar dari kubangan tersebut tidak membuahkan hasil. Hingga lambat laun kuda milik sang Prabu yang terjerembab tersebut berubah menjadi batu. Maka batu tersebut disebut lah dengan istilah Batu Kuda. Selain itu, sang Prabu sendiri memilih untuk bertapa di dekat Batu Kuda, dan kini tempat sang Prabu bertapa dikenal dengan nama Batu Kursi. Area perkemahan Batu Kuda yang terbilang cukup luas, membuat anda tidak perlu khawatir kehabisan titik berkemah. Tak hanya itu, anda bisa melihat pohon â€“ pohon pinus yang menjulang sejauh mata memandang. Selain digunakan untuk tempat berkemah para pendaki, anda pun bisa mengajak keluarga anda saat liburan. Karena area ini terbuka untuk anda sekeluarga yang sekedar ingin berjalan â€“ jalan menikmati hutan pinus, ataupun menghabiskan malam dengan tidur di hotel bertabur bintang.",Cagar Alam,Bandung,4.5,7500,25
60,Bukit Bintang,"Bukit Bintang (Melayu [bu.ketÌš bi.ntaÅ‹]; disebut dengan nama Bintang Walk atau Starhill, yang terakhir menjadi terjemahan dari nama Melayu) adalah nama dari distrik perbelanjaan dan hiburan di Kuala Lumpur, Malaysia. Daerah ini meliputi Jalan Bukit Bintang dan daerah disekitarnya. Daerah ini telah lama menjadi pusat ritel paling menonjol di Kuala Lumpur yang merupakan rumah bagi banyak pusat perbelanjaan terkenal, kafe al fresco, bar megah, pasar malam, serta jajanan-jenis restoran. Daerah ini populer di kalangan wisatawan dan penduduk lokal, terutama di kalangan pemuda. Sebuah bagian dari Bintang Walk identik disebut sebagai ""Arab Street"".",Cagar Alam,Bandung,4.6,25000,14
61,Taman Vanda,"Taman Vanda Bandung adalah taman yang terletak di Kota Bandung, Jawa Barat. Taman ini memiliki latar belakang pemandangan air mancur pada malam hari. Pada malam hari dipasang air mancur di 20 titik dengan sorot lampu warna-warni yang memesona.\nUntuk melengkapi masyarakat Bandung yang ingin bersantai, di Taman Vanda disediakan bangku-bangku taman. Pepohonan rimbun yang ditanam di sekitar taman membuatnya menjadi lebih segar dan asri. Bersantai di sini pada siang hari juga sangat asyik dengan angin semilir dan sinar matahari tertutupi rimbunnya pohon-pohon.",Taman Hiburan,Bandung,4.3,20000,18
62,Taman Budaya Jawa Barat,"Taman Budaya Jawa Barat (TBJB) didirikan pada tahun 1991 di Kawasan Dago Tea House. TBJB memiliki fasilitas gedung teater tertutup, teater terbuka, ruang pameran, sekertariat, sanggar olah seni, wisma seni, dan cafetaria. Semua fasilitas tersebut diperuntunkan untuk kelancaran beraktifitas dan berkarya para warga Bandung, khususnya para seniman. TBJB menghelat berbagai macam agenda yang menarik seperti pementasan karya seni, lomba seni, eksperimentasi karya seni, seminar, workshop, sarasehan seni dan budaya, penerbitan buku, dsb.",Budaya,Bandung,4.3,15000,22
63,Curug Bugbrug,"Curug Bugbrug Sesuai dengan namanya kata Bugbrug dalam bahasa sunda adalah berarti bertumpuk atau tumpah tindih. Jadi apabila Anda ditanya kenapa air terjun di bandung ini dinamai Curug Bugbrug Maka jawabannya ialah karena air yang jatuh dari atas ke bawah itu seperti terlihat bertumpuk-tumpuk. Dan jatuhnya tersebut terdengar suara di dasar curug seperti â€ brugâ€¦brugâ€¦brug â€ begitu saking kerasnya. Curug yang berada di ketinggian 1.050 meter di atas permukaan air laut, memiliki ketinggian dari 50 meter tingginya dan lebar curug sekitar 2 meter. Tempat ini menjadi pusat buruan wisatawan yang berlibur ke bandung.",Cagar Alam,Bandung,4.3,7500,21
64,Babakan Siliwangi City Forest Path Bandung,Forest walk Babakan Siliwangi adalah fasilitas publik berupa hutan kota. Hutan ini merupakan hutan kota yang masih aktif di kota Bandung hingga kini. Letaknya strategis berada di kawasan taman sari dekat dengan kampus ITB dan kebun binatang. Kawasan ini bernuansa sejuk karena didominasi oleh pepohonan yang rindang. Jembatan kayu dan besi yang saling terhubung mengelilingi kawasan ini menjadi jalan untuk menyusuri hutan. Pengunjung bisa berjalan di atas jembatan kayu sambil menikmati segarnya udara di kawasan hutan kota ini.,Cagar Alam,Bandung,4.6,0,30
65,Curug Cipanas,"Siapa bilang berendam air panas harus merogoh kocek dalam? Kabupaten Bandung Barat punya solusi bagi pelancong yang ingin merasakan manfaat air panas pegunungan asli tanpa harus membayar mahal. Adalah Curug Cipanas Nagrak, objek wisata alam yang menawarkan pemandian air panas alami. Pemandian air panas ini bahkan tidak hanya sekadar kolam, melainkan berupa air terjun alami di tengah kawasan perkebunan. Mata airnya mengalir deras menjadi sebuah air terjun kecil di tengah lahan perbukitan hijau. Pengunjung akan merasakan sensasi berendam di kolam air panas yang nyaman di tengah alam terbuka._x000D_",Cagar Alam,Bandung,3.9,20000,25
66,Taman Jomblo,"Taman Jomblo dapat mengacu kepada:\n\nTaman Pasupati, sebuah taman yang didirikan oleh Ridwan Kamil di Bandung\nPedestrian Jomblo, sebuah tempat rekreasi yang didirikan di Jambi\nTaman Jomblo (Mataram), sebuah taman yang didirikan di Mataram, Nusa Tenggara Barat",Taman Hiburan,Bandung,4.1,10000,24
67,Peta Park,"Bandung seperti tidak henti menawarkan tempat wisata menarik untuk dikunjungi. Terutama untuk para anak muda. Beberapa waktu lalu Peta Park Bandung dibuka. Tempat wisata yang menawarkan konsep taman-taman yang bersih dan indah. Sangat cocok sebagai tempat bersantai dan menghindari hiruk-pikuk kota. Taman rekreasi yang ada di pusat kota Bandung ini memiliki konsep taman piknik. Karena hal tersebut, saat berada di sini, pengunjung tidak hanya bisa berfoto. Akan tetapi juga bisa melakukan kegiatan yang lainnya misalnya berpiknik.",Taman Hiburan,Bandung,4.3,15000,19
68,Masjid Daarut Tauhiid Bandung,"pada bulan Juli 1993 berdirilah sebuah masjid berlantai tiga, tepatnya di Jalan Gegerkalong Girang nomor 38 Bandung. Masjid ini sering dijuluki sebagai masjid seribu tangan karena dibangun secara gotong royong oleh ribuan masyarakat dan jamaah Daarut Tauhid. Pada saat itu, di bagian bawah bangunan Masjid Daarut Tauhid dialokasikan sejumlah kamar tidur yang berfungsi sebagai asrama santri putri atau akhwat yang berkapasitas 70 orang. Adapun lantai dua dan tiga difungsikan untuk shalat sedangkan lantai satu dijadikan area untuk toko (minimarket), ruang khusus akhwat, ruang wudhu, dan kamar mandi. Pada tahun 2015 dilakukan pembangunan perluasan dan renovasi Masjid Daarut Tauhid Bandung secara besar-besaran. Peletakan batu pertama pembangunan masjid dilakukan pada Kamis, 29 Januari 2015. Dua tahun kemudian tepatnya tanggal 20 November 2017 Masjid Daarut Tauhiid rampung pembangunannya dan diresmikan oleh KH. Abdullah Gymnastiar selaku Pembina Pesantren Daarut Tauhiid. Masjid hasil renovasi terbaru dibangun 4 lantai plus basement satu lantai. Pintu masjid terpisah antara ikhwan dan akhwat. Front Office (FO) DKM juga ada pada masing-masing area. Tempat wudhu dan kamar mandi dekat dengan pintu masuk. Salah satu hal yang membedakan Masjid Daarut Tauhid dengan masih lain adalah sangat bersahabat dengan jamaah difabel, yaitu dengan memfasilitasi lift khusus untuk mereka agar memudahkan mereka menaiki ruangan masjid hingga ke lantai 4. Selain itu juga dilengkapi kamar mandi khusus difabel yang terpisah antara ikhwan dan akhwat.",Tempat Ibadah,Bandung,4.9,0,19
69,Masjid Agung Trans Studio Bandung,"Masjid Agung Trans Studio Bandung (TSB) berdiri megah. Rumah ibadah seluas 4.000 meter persegi bergaya Timur Tengah ini menjadi oase di tengah-tengah pusat perbelanjaan dan tempat rekreasi. konsep masjid modern yang mengadopsi ala Timur Tengah ini berdasarkan arahan Chairul Tanjung (CT), selaku pemiki CT Corp. Dia langsung menerawang guna mewujudkan desain Masjid Agung TSB yang kental dengan sentuhan Masjid Nabawi.",Tempat Ibadah,Bandung,4.8,0,28
70,Gereja Tiberias Indonesia Bandung,"Gereja Tiberias Indonesia (GTI), atau Tiberias Ministry adalah salah satu sinode gereja Kristen Protestan di Indonesia. Salah satu ciri khas dari pelayanan GTI adalah pelayanan Kesembuhan Ilahi melalui Perjamuan Kudus dan Minyak Urapan. Gereja Tiberias Indonesia merupakan gereja pewahyuan yang diperintahkan oleh Tuhan Yesus kepada Pdt. DR. Yesaya Pariadji. Tugas Gereja Tiberias adalah untuk membuktikan bahwa Yesus Kristus adalah Tuhan Allah yang Maha Kuasa dibuktikan melalui mujizat-mujizatNya; bahwa Firman Allah bukan terdiri atas kata-kata, tetapi kuasa; bahwa Firman Allah lebih dari seluruh ilmu pengetahuan manusia; bahwa manusia harus hidup dalam pertobatan, harus hidup dalam kekudusan agar layak berdiri di hadapanNya dan pesta di Kerajaan Sorga.",Tempat Ibadah,Bandung,4.9,0,23
71,Tektona Waterpark,"Tektona Waterpark sebuah wahana yang memberikan sensasi bermain air bersama keluarga dan sahabat anda, memberikan keceriaan bagi anak-anak maupun pengunjung dewasa dengan fasilitas modern diantaranya Kolam Ombak dan Kolam Arus, Kolam Anak dan Balita, Semi Olympic serta Mini Slider untuk anak-anak dan Mega Slider untuk dewasa dengan ketinggian hampir dari 30 meter, yang akan memicu adrenaline para pengunjung. Selain itu wahana Tektona Waterpark juga menyediakan pojok kuliner, gazebo serta jasa pompa dan foto aksi yang dapat diperoleh di sudut wahana Tektona Waterpark, dan juga selalu tersedia ruang ganti serta ruang bilas di dalam kawasan Tektona Waterpark.",Taman Hiburan,Bandung,3.8,60000,18
72,Curug Cilengkrang,"Curug Cilengkrang bisa menjadi pilihan tujuan objek wisata alam di Bandung. Menawarkan area hutan sejuk serta area air terjun yang menyegarkan. Meski tidak besar, kawasan air terjun cukup bisa untuk menenangkan dan kembali menyegarkan wisatawan. Seolah bertolak belakang dari hingar bingar kota Bandung. Curug Cilengkrang menawarkan wisata alam yang tenang dan begitu hijau. Air terjun yang mempesona, serta hutan dengan pepohonan yang begitu asri. Dimana, tempat ini juga menjadi habitat hidup berbagai satwa liar yang masih terjaga.",Cagar Alam,Bandung,4,7500,23
73,Jembatan Pasupati,"Jembatan Pasupati atau Jalan Layang Pasupati adalah sebuah jembatan yang menghubungkan bagian utara dan timur Kota Bandung melewati lembah Cikapundung. Panjangnya 2,8 km dan lebarnya 30-60 m. Sebagian jalan itu dibangun di atas Jalan Pasteur, adalah jalan lama dengan pohon palm raja disebelah kanan dan kirinya yang menjadi ciri kota Bandung. Jalan Layang Pasupati juga menjadi salah satu ikon Kota Bandung. Oleh karena itu, pada malam hari bagian tengah Jembatan Pasupati diterangi lampu sorot warna-warni. Jalan layang ini membuat arus lalu lintas dari wilayah sekitar Jabodetabek ke Bandung menjadi lebih mudah. Di bawah Jembatan Pasupati terdapat taman yang bernama Taman Pasupati._x000D_",Taman Hiburan,Bandung,4.6,0,16
74,Pasar Baru,"Pasar Baru adalah kawasan perdagangan yang berpusat di Jalan Pasar Baru, Kelurahan Pasar Baru, Kecamatan Sawah Besar, Jakarta Pusat. Pusat perbelanjaan ini didirikan pada tahun 1820, dan merupakan pusat perbelanjaan tertua di Jakarta.Ujung selatan Jalan Pasar Baru berbatasan dengan Jalan Antara dan Jalan Pasar Baru Selatan, serta Jalan Pos yang berdekatan dengan Gedung Kesenian Jakarta. Ujung utara Jalan Pasar Baru berbatasan dengan Jalan Kyai Haji Samanhudi, dekat Metro Pasar Baru dan Jalan Gereja Ayam. Di sisi kiri dan kanan Jalan Pasar Baru terdapat toko pakaian, toko tekstil dan tailor, toko alat olahraga dan sepatu, toko kacamata, dan toko perhiasan emas.\nDi Pasar Baru banyak bermukim orang India-Indonesia. Orang India-Indonesia berdagang menjual kain, alat olahraga, dan sepatu di Pasar Baru. Pada tahun 2002 ada sekitar 2.000 keluarga India yang terdaftar sebagai penduduk Jakarta, dan sebagian besar di antara mereka tinggal di pusat kota, khususnya di kawasan Pasar Baru dan Pintu Air. Di kawasan Pasar Baru juga terdapat tempat ibadah masyarakat India-Indonesia.\n\n",Pusat Perbelanjaan,Bandung,4.3,0,20
75,Taman Sejarah Bandung,"Taman Sejarah Bandung adalah taman yang terletak di belakang Balai Kota Bandung, kompleks Pemerintahan Kota Bandung. Taman ini berfungsi untuk mengenalkan sejarah di Kota Bandung. Taman ini dilengkapi informasi mengenai pemimpin kota Bandung dari masa ke masa. Pembangunan taman ini menghabiskan anggaran sekitar 3,5 miliar rupiah.",Budaya,Bandung,4.6,0,25
76,Roemah Seni Sarasvati,"Roemah Seni Sarasvati adalah sebuah galeri yang berlokasi di Jl. Jendral Sudirman 137, Bandung. RSS merupakan project utama Sarasvati Arts Management yang dibangun dengan tujuan untuk memperkenalkan berbagai keragaman seni budaya. RSS juga merupakan tempat bertukar gagasan dan kepedulian untuk menciptakan identitas unik bagi Kota Bandung serta merawat kreativitas dan pengetahuan. Salah satu program kerja yang sedang dirancang adalah Grote Postweg Art Project.",Budaya,Bandung,4.4,5000,17
77,Puspa Iptek Sundial,"Puspa Iptek Sundial adalah wahana pendidikan yang terletak di kawasan Kota Baru Parahyangan, Padalarang, Bandung, Jawa Barat. Puspa Iptek Sundial diresmikan pada tanggal 11 Mei 2002, bertepatan dengan momen Hari Pendidikan Nasional. Keberadaan Puspa Iptek Sundial merupakan upaya penting bagi perwujudan Kota Baru Parahyangan sebagai Kota Mandiri yang berwawasan pendidikan. Mulai tahun 2013 area alat peraga di Puspa Iptek Sundial juga diperluas serta fasilitasnya diperlengkap, seiring dengan semakin tingginya minat dan kepedulian masyarakat terhadap dunia sains dan teknologi.",Taman Hiburan,Bandung,4.4,25000,14
78,Masjid Salman ITB,"Masjid Salman ITB adalah masjid kampus yang terletak di Jalan Ganesha 7, Lebak Siliwangi, Coblong, Kota Bandung atau tepat di depan area Kampus ITB Ganesha. Dengan luas lahan 7800 m2 dan luas bangunan masjid 1225 m2, Masjid Salman dilengkapi dengan berbagai fasilitas penunjang seperti kantin, air minum gratis, mini market, dan ruang serbaguna. Masjid yang dibuka pada tahun 1972 ini merupakan masjid kampus pertama di Indonesia.",Tempat Ibadah,Bandung,4.8,0,18
79,Curug Aseupan,"Curug Aseupan berada di kawasan Curug Tilu Leuwi Opat. Curug ini merupakan bintang utama dari beberapa curug di sini. Jika diceritakan, kecantikannya bisa lah buat mengisi galeri dan feed instagram. Curug ini sendiri berada di Dusun Ciwangan, Kelurahan Cihanjuang rahayu, kecamatan Parangpong, Kabupaten Bandung Barat. Sekitar 9 KM dari Lembang yang jarangnya cukup berdekatan dengan Curug Cimahi. Bukan hanya menyajikan pemandangan air terjun, di sekitar curug juga terdapat area camping ground yang cukup luas.",Cagar Alam,Bandung,4.7,10000,17
80,Museum Pendidikan Nasional,"Museum Pendidikan Nasional Universitas Pendidikan Indonesia diresmikan oleh Gubernur Jawa Barat, H. Ahmad Heryawan, Lc. Pembangunan Museum Pendidikan Nasional ini merupakan salah satu bentuk tanggung jawab UPI sebagai perguruan tinggi yang memiliki kepedulian terhadap kelestarian warisan sejarah budaya bangsa khususnya dibidang pendidikan. Museum pada umumnya memamerkan benda koleksi yang berasal dari masa lalu, namun hal tersebut berbeda dengan Museum Pendidikan Nasional Universitas Pendidikan Indonesia. Museum ini menyajikan bagaimana pendidikan dimasa yang akan datang, karena saat ini pendidikan menjadi bersifat forecasting atau ramalan. Keberadaan Museum Pendidikan Nasional diharapkan mampu menjadi wahana pusat penelitian, serta sumber belajar dan pembelajaran, yang dapat meningkatkan kompetensi pendidik maupun wawasan pembelajar dalam mengupayakan peningkatan mutu pendidikan, sekaligus menjadi tujuan wisata budaya di Jawa Barat dan Nasional. Karena pada dasarnya manusia tidak mempelajari masa lalu, melainkan masa depan._x000D_",Budaya,Bandung,4.6,5000,20
81,Water Park Bandung Indah,Bandung Indah Waterpark merupakan salah satu kolam renang yang ada di Bandung. Menyediakan berbagai wahana permainan air yang cocok bagi keluarga. Terdapat kolam renang untuk dewasa dan anak-anak. Pengunjung dapat melakukan olahraga renang dan rekreasi._x000D_,Taman Hiburan,Bandung,4,50000,24
82,Curug Anom,"Curug Anom adalah sebuah air terjun yang memiliki dinding batu atau tebing berbentuk flat, sehingga sekilas terlihat seperti tembok, padahal ini nyata tebing batu yang memiliki permukaan rata dengan ketinggian kurang lebih 30 meter. Lokasi Curug Anom berada dalam kawasan obyek wisata Natural Hill Lembang, tepatnya di Jln. Kolonel Masturi, Kec. Cisarua, Kab. Bandung Barat, Jawa Barat. Meskipun debit air di Curug Anom Lembang ini tidak terlalu besar, namun karena ukuran tebing yang sangat tinggi, maka cipratan air yang jatuh dari atas akan terasa seperti hujan lokal. Aliran air yang jatuh mengikuti permukaan dinding tebing yang rata dan kemudian membentur dasar air terjun terlihat seprti seuntai kain sutra yang menghiasi dinding batu.",Cagar Alam,Bandung,4.6,20000,19
83,Taman Badak,"Taman Badak ini baru saja diresmikan pada tanggan 19 Desember 2017 oleh Bapak Ridwan Kamil sebagai Wali Kota Bandung. Terdapat Patung Badak yang berusia puluhan tahun di taman ini yang menjadi ikonnya. Patung Badak tersebut direvitalisasi, sehingga kini tampilannya baru dan menjadi spot foto favorit bagi para pengunjung. Selain Patung Badak, juga terdapat Patung Dewi Sartika yang berada di samping Taman Badak yang juga turut direvitalisasi, tetapi Patung Dewi Sartika ini bentuk awalnya kecil dan kini telah diperbesar.",Taman Hiburan,Bandung,4.5,0,16
84,Taman Film,"Taman Film adalah salah satu taman tematik dan ruang terbuka publik di Kota Bandung yang terletak di bawah Jembatan Pasupati, Bandung, Jawa Barat. Taman ini diresmikan oleh Wali kota Bandung, Ridwan Kamil, pada tanggal 14 September 2014. Taman ini memiliki konsep bioskop terbuka yang modern agar warga dapat beraktivitas di taman dan mendapat sarana menonton film secara gratis. Taman Film dikelola Komunitas Film Bandung dan Dinas Pertamanan Kota Bandung.",Budaya,Bandung,4.3,0,31
85,Museum Nike Ardilla,"Museum Nike Ardilla diresmikan atau dibuka untuk umum tepat di hari dimana almarhumah Nike Ardilla jika masih hidup berusia 21 tahun. Diresmikan langsung sendiri oleh pihak keluarga yaitu ayahnya sendiri (Almarhum) R.Eddy Kusnaedi dengan pemotongan kue ulang tahun, dan disaksikan langsung di depan komunitas Nike Ardilla Fans Club. Museum ini menempati sebuah bangunan Rumah yang akan menjadi saksi bisu serta menyimpan segala kenangan Nike Ardilla selama hidupnya, dan populer juga dengan sebutan Rumah Nike Ardilla (RNA). Sahabat travelerâ€™s, Konsep dasar bangunan Rumah Nike Ardilla (RNA) ini adalah merupakan paduan desain yang menyerupai Planet Hollywood, Hard Rock Cafe dan Museum pada umumnya yang biasa kita lihat. Museum Nike Ardilla ini menempati bangunan 2 lantai seluas 500 meter persegi, dimana lantai pertama digunakan sebagai tempat tinggal keluarga almarhumah Nike Ardila. Sementara di lantai 2 Museum, selain digunakan sebagai ruang pamer barang koleksi Nike Ardilla, Aksesoris serta benda-benda pribadi miliknya, anda juga bisa menyaksikan seperti apa sih ruang pribadi berupa kamar Nike Ardilla dengan segala isinya.",Budaya,Bandung,4.6,0,30
86,Batununggal Indah Club,"Kolam renang Batununggal merupakan salah satu kolam renang yang digemari warga Bandung saat liburan. Kolam renang berada di kawasan komplek perumahan Batununggal Insah Estate. Buat kamu yang paham dengan perumahan tersebut pasti mudah sekali untuk menuju ke lokasi. Kolam renang ini sebenarnya bernama Kolam Renang Batununggal Indah Club atau kolam renang BIC. Kolam renang ini merupakan salah satu fasilitas exclusive bagi para penghuni perumahan. Meskipun merupakan fasilitas perumahan, tetapi pihak pengelola sudah membuka untuk umum. Jadi buat kamu yang berada di Bandung dan sekitarnya tanpa harus tinggal di perumahan tersebut sudah bisa menikmati liburan di sana sob._x000D_",Taman Hiburan,Bandung,4.4,70000,25
87,Mountain View Golf Club,"Selamat Datang di Mountain View Golf Club Dago Pakar Bandung. Golf Course dengan 72 par, 18 hole telah dirancang oleh Juara dunia 5 kali asal Inggris Peter Thompson dan tentu saja achitect terkenal Ross Peret, terletak di dalam kompleks perumahan bergengsi hanya 30 menit dari bandara internasional Bandung atau 20 menit dari pusat kota. Pegolf dan pengunjung yang duduk di barisan depan akan disajikan pemandangan dari Club House dan lapangan golf di pegunungan dekat dengan kota Bandung. Dilengkapi fasilitas kelas dunia, lengkap dengan kamar Vip, Ruang Pijat, Loker mewah untuk pria dan wanita, Champions Bar, Restoran dan Toko Golf yang berdekatan dengan pintu masuk lobi.",Cagar Alam,Bandung,4.4,375000,27
88,Gunung Lalakon,"Gunung Lalakon merupakan sebuah gunung yang terdapat di Kampung Jelegong, Desa Badaraksa, Kecamatan Kutawaringin, Kabupaten Bandung, Jawa Barat dan memiliki ketinggian 870 meter. Gunung Lalakon terkenal dikarenakan bentuknya yang menyerupai kerucut sempurna atau piramida.\nGunung Lalakon dikenal juga dengan nama Gunung Sabelas karena di puncak gunung ini terdapat dua buah tower PLN yang bila dilihat dari kejauhan membentuk angka 11, tower milik PLN ini terhubung dengan PLTA Saguling. Sehingga, untuk keamanan tower beserta fungsinya inilah yang menjadikan perijinan ke gunung ini sedikit ketat, tidak mengagetkan ketika akan mendekati puncak banyak bambu yang dirintangkan ke jalur dengan tujuan menutup jalur pendakian .\nSelain keberadaan tower milik PLN, di gunung ini juga terdapat beberapa situs batuan, seperti Batu Lawang, Batu Pabiasan, Batu Warung, Batu Pupuk, Batu Renges, Batu Gajah, dan sebuah Batu Panjang yang terletak di atas puncak. Menurut salah seorang tokoh masyarakat Kampung Badaraksa, Abah Acu, ""secara filosofis, Gunung Lalakon adalah perlambang sebuah lakon dari kehidupan manusia. Batu-batu tadi merepresentasikan berbagai profesi (lakon) yang dipilih oleh manusia.""\nPemandangan dari gunung ini cukup bagus, seluruh sudut Kabupaten Bandung bisa terlihat dari puncaknya, termasuk pemandangan Waduk Saguling di sebelah barat. Beberapa sisi gunung ini sudah rusak oleh aktivitas galian liar (galian C), seperti di area Cipatik di sisi utara dan area Situwangi di sisi barat.",Cagar Alam,Bandung,4.8,10000,37
89,Sendang Geulis Kahuripan,"Wilayah ini lebih tepatnya berada di RPH Cikalong Wetan, BKPH Padalarang Perum Perhutani BKPH Bandung Utara. Dilihat dari kawasannya, mengingatkan saya kepada salah satu objek wisata yang berada di jawa tengah. Lebih tepatnya berada di klaten, Umbul Ponggok namanya. Bagi Sobat Native yang sudah pernah ke Umbul Ponggok, objek wisata sendang ini hampir sama persis. Hanya saja, di kawasan ini digunakan secara serba guna. Maksud dari serba guna adalah. Sumber mata air yang keluar dari objek wisata ini digunakan juga oleh sebagian masyarakat sekitar sebagai tempat mencuci. Tunggu dulu, jangan merasa jijik dahulu. Sumber mata air yang menghasilkan sendang ini hampir setiap menit mengalir air-air bersih.",Cagar Alam,Bandung,4.3,10000,17
90,Sanghyang Heuleut,"Danau yang satu ini memiliki air jernih bernuansa kehijauan yang berpadu indah dengan tebing batu berukuran besar di sekelilingnya. Di sela-sela bebatuan, kamu bisa menemukan pepohonan dan rerumputan hijau yang menyegarkan mata. Bebatuannya yang tinggi itu bahkan kerap digunakan sebagai tempat para traveler untuk meloncat indah menuju danau purba tersebut. Danau Sanghyang Heuleut memiliki kedalaman sekitar tiga meter. Jadi, sebelum kamu masuk ke dalam danau, pastikan kamu bisa berenang agar tidak tenggelam, atau setidaknya telah memiliki perlengkapan seperti jaket pelampung. _x000D_",Cagar Alam,Bandung,4.4,10000,28
91,Lereng Anteng Panoramic Coffee Place,"Lereng Anteng Panoramic Coffee adalah sebuah tempat tongkrongan asyik berupa cafe and resto dengan perpaduan antara kafe dan spot wisata alam. Tempat makan satu ini dibuka sejak tanggal 1 Juni 2016 lalu dengan menempati luas areal sekitar 500 mÂ² dan hadir mengusung konsep cozy. Nama kafe ini diambil dari kata Lereng yang artinya tempat di pinggiran dataran tinggi dan Anteng (bahasa Sunda) memiliki arti tempat dengan suasana nyaman. Selain menyajikan aneka menu makanan dan minuman, Lereng Anteng Panoramic Coffe juga menyuguhkan view yang begitu luar biasa indahnya",Cagar Alam,Bandung,4.4,50000,11
92,Masjid Pusdai,"Masjid PUSDAI (pusat dakwah islam) dibangun dalam arsitektur asli di Indonesia, dengan bentuk bentuk yang khas atap Limas. Aplikasikan pada semua atap bangunannya dengan dipadu berbagia gaya arsitektur masjid masjid di seluruh penjuru dunia Islam. Uniknya daripada yang lain, ternyata ada pada bagian kubah (atap masjid) yang terbuat dari sebuah kayu. Sebagian ornamen pada masjid ini, terbuat dari kayu dan terkesan alami dan begitu kuat. Batu marmer juga ikut mendominasi bangunan masjid dengan beberapa hiasan bermotif etnis dalam pola kaligrafinya yang terdapat di bangunan masjid PUSDAI.",Tempat Ibadah,Bandung,4.7,0,24
93,Masjid Al-Imtizaj,"Masjid Al Imtizaj adalah salah satu masjid yang bernuansa oriental dan arsitektur bercorak negeri tirai bambu yang berada di Kota Bandung. Letak masjid ini lebih tepatnya berada di Jalan Banceuy nomor 8, Kota Bandung, Jawa Barat.",Tempat Ibadah,Bandung,4.7,0,20
94,Situ Cileunca,"Situ Cileunca yang berlokasi di Warnasari, Pangalengan, Bandung, Jawa Barat adalah sebuah danau buatan dengan luas mencapai 1.400 hektar dengan latar belakang perbukitan dan pegunungan yang indah. Selain difungsikan sebagai objek wisata, Situ Cileunca juga berfungsi sebagai pembangkit listrik tenaga air (PLTA). Air yang berasal dari danau tersebut dialirkan melalui Sungai Palayangan. Sungai ini pula yang sering dijadikan sebagai arena ber-arung jeram. Kedalaman danau mencapai 17 meter, dan sebelum tahun 1918, ini merupakan hutan belantara yang kemudian diubah menjadi situ, yang berfungsi melayani kebutuhan air masyarakat.",Cagar Alam,Bandung,4.4,2500,19
95,Sunrise Point Cukul,Sunrise Point Cukul merupakan salah satu tempat wisata populer bagi wisatawan untuk melihat matahari terbit di kawasan Bandung Selatan. Mereka bisa melihat sunrise dari ketinggian 1.600 meter di atas permukaan laut. Sunrise Point Cukul merupakan salah satu tempat wisata populer bagi wisatawan untuk melihat matahari terbit di kawasan Bandung Selatan. Mereka bisa melihat sunrise dari ketinggian 1.600 meter di atas permukaan laut.,Cagar Alam,Bandung,4.6,10000,16
96,Sungai Palayangan,"Sungai Palayangan terletak di Kawasan Objek Wisata Situ Cileunca Pangalengan Kab. Bandung, sekitar 45 Km atau kurang lebih 2 jam perjalanan dari pusat Kota Bandung. Adalah lokasi Arung Jeram yang paling Populer di Kawasan Bandung Selatan karena memiliki beberapa kelebihan dibandingkan dengan sungai-sungai yang lain.\nBerikut adalah kelebihan-kelebihan Arung Jeram di Sungai Palayangan :",Cagar Alam,Bandung,4.6,150000,19
97,Perkebunan Teh Malabar,"Salah satu perkebunan teh yang cukup terkenal di Jawa Barat adalah perkebunan teh Malabar yang dibangun pada masa penjajahan kolonial Belanda tahun 1896. Perkebunan ini masuk dalam wilayah kecamatan Pangalengan Kabupaten Bandung, kira-kira 45 km dari pusat Kota Bandung. Jika anda berkunjung ke daerah ini, maka mata akan akan dimanjakan dengan aktivitas penduduk setempat yang mayoritas penduduknya menjadi pemetik teh dan memelihara sapi perah. Jadi jangan heran apabila anda memasuki daerah ini, anda akan melihat penduduk yang sedang memetik di kebun teh dan memelihara sapi. Namun, untuk mencapai perkebunan Malabar yang ada di Pangalengan ini, anda harus menempuh perjalanan yang panjang dan berkelok-kelok membuat anda harus berhati-hati.",Cagar Alam,Bandung,4.4,5000,26
98,Pemandian Air Panas Ciater,"Di Subang, terdapat kawasan pemandian Air Panas Ciater yang sering menjadi incaran wisatawan. Kawasan wisata yang buka 24 jam ini memiliki suhu air sekitar 43-46 derajat celcius. Sangat cocok untuk menyegarkan badan wisatawan. Terdapat berbagai kolam pemandian air panas di sini. Baik untuk dewasa maupun anak-anak. Untuk suhu air pada kolam anak terbatas hanya mencapai 39 derajat Celcius sedangkan kolam dewasa bisa mencapai 46 derajat Celcius.",Cagar Alam,Bandung,4.3,15000,20
99,Observatorium Bosscha,"Observatorium Bosscha merupakan salah satu tempat peneropongan bintang tertua di Indonesia. Observatorium Bosscha (dahulu bernama Bosscha Sterrenwacht) dibangun oleh Nederlandsch-Indische Sterrenkundige Vereeniging (NISV) atau Perhimpunan Bintang Hindia Belanda. Observatorium Bosscha berlokasi di Lembang, Jawa Barat, sekitar 15 km di bagian utara Kota Bandung dengan koordinat geografis 107Â° 36' Bujur Timur dan 6Â° 49' Lintang Selatan. Tempat ini berdiri di atas tanah seluas 6 hektare, dan berada pada ketinggian 1310 meter di atas permukaan laut atau pada ketinggian 630 m dari dataran tinggi Bandung. Kode observatorium Persatuan Astronomi Internasional untuk observatorium Bosscha adalah 299. Tahun 2004, Observatorium Bosscha dinyatakan sebagai Benda Cagar Budaya oleh Pemerintah. Karena itu keberadaan Observatorium Bosscha dilindungi oleh UU Nomor 2/1992 tentang Benda Cagar Budaya. Selanjutnya, tahun 2008, Pemerintah menetapkan Observatorium Bosscha sebagai salah satu Objek Vital nasional yang harus diamankan.",Cagar Alam,Bandung,4.5,25000,22
100,Taman Bunga Cihideung,Taman Bunga Cihideung mempunyai pesona alam yang sederhana namun mampu menghasilkan landscape yang menyita perhatian. Pesona dari kebun / taman bunga ini padahal hanya sebatas tumbuhan sejenis bunga. Lalu ada pula beberapa daya tarik lain sehingga membuat destinasi wisata alam ini masuk ke dalam list wisata Bandung. Salah satunya yaitu area spot foto yang sangat kekinian dan instagramable yang menjadi incaran utama wisatawan remaja. Khususnya bagi para influencer yang sedang mencari latar sempurna untuk sebuah konten.,Cagar Alam,Bandung,4.1,0,18
101,The Lodge Maribaya,"The Lodge Maribaya adalah salah satu tempat wisata di Lembang yang menawarkan berbagai hal pada pengunjung. Disini kita bisa melakukan berbagai akitivitas seperti camping, trekking mengelilingi area hutan pinus yang indah, acara gathering dan team building, atau bahkan hanya sekedar refreshing menikmati kuliner. Terdapat juga berbagai wahana yang pastinya instagrammable banget. Di kelilingi oleh pegunungan dengan hutan pinus yang khas, udara dan suasana disini memang segar banget. Ingin mengadakan private gathering, atau bahkan acara pernikahan disini? bisa banget. Dengan backdrop pegunungan hijau yang indah, tentunya bakal membuat acara anda lebih berkesan.",Cagar Alam,Bandung,4.3,25000,21
102,Taman Hutan Raya Ir. H. Juanda,"Taman Hutan Raya Ir. H. Djuanda (Tahura Djuanda) merupakan kawasan konservasi yang terpadu antara alam sekunder dengan hutan tanaman dengan jenis Pinus (Pinus merkusil) yang terletak di Sub-Daerah Aliran Sungai Cikapundung dan DAS Citarum yang membentang mulai dari Curug Dago, Dago Pakar sampai Curug Maribaya yang merupakan bagian dari kelompok hutan Gunung Pulosari. Tahura Djuanda terletak di sebelah utara Kota Bandung berjarak kurang lebih 7 km dari pusat kota, secara geografis berada pada 1070 30â€™ BT dan 60 52â€™ LS, secara administrasi berada di wilayah Desa Ciburial, Kecamatan Cimenyan, Kabupaten Bandung dan sebagian masuk Desa Mekarwangi, Desa Cibodas, Desa Langensari, dan Desa Wangunharja, Kecamatan Lembang, Kabupaten Bandung Barat serta Kelurahan Dago, Kecamatan Coblong, Kota Bandung.",Cagar Alam,Bandung,4.5,11000,25
103,Taman Begonia,"Taman Begonia Bandung terletak pada ketinggian 1200 meter di atas laut. Selain balinea, ada beraneka jenis bunga lainnya seperti salvia, impatiens, geranium, dan celosia. Saking indahnya banyak orang yang menyebut setara dengan taman Himawari no Sato di Jepang. Bunga Balinea itu sendiri merupakan jenis bunga Begonia yang berasal dari Bali. Tanaman yang cocok ditanam di berbagai cuaca ini akan tumbuh di sepanjang musim. Bunga Balinea adalah tanaman yang sering ditanam di perkebunan dan pekarangan hotel serta taman kota Keistimewaan Taman Bunga Begonia bukan hanya dari keberadaan bunga dan tanaman yang ada, melainkan juga dari tatanan taman yang menarik. Warna-warni taman bunga juga dilengkapi dengan berbagai bentukan yang cocok untuk berfoto-foto. Bahkan memang banyak pengunjung yang datang ke sini hanya untuk mengabadikan keindahan tamannya. Selain itu, karena berada di dataran tinggi, para pengunjung pasti akan nyaman beraktivitas di sana dengan suhu yang sejuk dan menyegarkan.",Cagar Alam,Bandung,4.4,10000,21
104,Tafso Barn,"Nama Punclut mungkin sudah cukup akrab di telinga wisatawan. Kawasan dataran tinggi di Bandung yang belakangan populer sebagai destinasi wisata. Selain menawarkan pemandangan yang indah, kawasan ini juga memiliki banyak tempat wisata untuk rekreasi. Salah satunya adalah kawasan wisata sekaligus restoran Tafso dan Boda Barn atau sering dikenal juga dengan Tafso Barn. Tempat rekreasi ini memadukan tempat makan dengan nuansa taman dan gudang yang unik. Pemandangan perbukitan yang dipotong garis horison menjadi incaran utama pengunjung. Sangat tepat nongkrong dan bersantai ketika berlibur di Bandung.",Cagar Alam,Bandung,4.2,0,24
105,Curug Luhur Waterfall,"Sekitaran Bandung banyak sekali curug dari yang kekinian, terlupakan, kurang terdengar sampai baru dengar. Salah satunya adalah curug Luhur Cibodas di daerah Maribaya Lembang di sekitar area ini ada 3 curug, penduduk lokal menyebutnya curug Cibodas pernah disebut juga curug Keraton .. tapi sekarang lebih dikenal curug Luhur, selain yang ini ada juga curug Lalay yang tidak terlalu tinggi dan satu lagi curug yang paling tinggi diarea sini yaitu curug Luhur .. posisinya lebih kedalam lagi sekitar 3 km dari pos masuk, masih jarang orang yang kesana_x000D_",Cagar Alam,Bandung,4.2,5000,26
106,Curug Malela,"Curug Malela adalah salah satu destinasi alam yang berupa air terjun. Curug ini memilliki keindahan yang luar biasa. Jadi tak heran banyak para pengunjung yang datang untuk mengunjungi curug ini. Para pengunjung yang datang tidak hanya dari dalam kota saja, namun juga dari luar kota seperti DKI jakarta, Jawa Tengah, Jawa Barat dan masih banyak lagi. Curug ini memiliki ketinggian yang cukup tinggi yaitu sekitar 60 sampai 70 meter. Namun curug ini memiliki lebar yang cukup sempit yaitu sekitar 50 meter saja. Curug yang menjulang tinggi ini memiliki air yang sangat deras dan dingin. Jadi jika kamu berdiri di dekat air terjun ini siap siap pakaianmu akan basah terkena cipratan air. Air terjun Malela tidak hanya terdiri dari satu pancuran air saja, namun terdiri dari beberapa pancuran air yang berdekatan. Karena curug ini memiliki pancuran air yang berjejeran seperti air terjun niagara yang ada di Amerika, banyak para pengunjung yang menyebutnya sebagai â€œNiagara nya Cianjurâ€._x000D_",Cagar Alam,Bandung,4.4,10000,21
107,Curug Cimahi,"Curug Cimahi adalah air terjun yang terletak di Jalan Kolonel Masturi, Desa Kertawangi, Kecamatan Cisarua, Kabupaten Bandung Barat, Jawa Barat. Dengan ketinggian sekitar 87 meter, menjadikan air terjun ini sebagai salah satu curug tertinggi di wilayah Bandung dan sekitarnya. Nama Cimahi berasal dari nama sungai yang mengalir di atasnya yaitu Sungai Cimahi yang berhulu di Situ (danau) Lembang dan mengalir ke Kota Cimahi. Destinasi wisata ini berjarak kurang lebih 10 kilometer dari Kota Cimahi ke arah Lembang atau 20 kilometer dari Kota Bandung.",Cagar Alam,Bandung,4.6,15000,21
108,Situ Patenggang,"Situ Patenggang atau Situ Patengan adalah suatu danau yang terletak di kawasan objek wisata alam Bandung Selatan, Jawa Barat, Indonesia, tepatnya di Ciwidey. Terletak di ketinggian 1600 meter di atas permukaan laut, danau ini memiliki pemandangan yang sangat eksotik. Situ patenggang juga memiliki pemandangan alam yang asri, karena disekitarnya terdapat hamparan kebun teh.\nLuas Situ Patenggang sekitar 45.000 hektar. Serta total luas cagar alamnya mencapai 123.077,15 hektar. Situ patenggang selalu menjadi pilihan wisatawan terutama bagi mereka yang baru pulang dari tempat wisata Kawah Putih. Jaraknya dari wisata kawah putih hanya sekitar 7 KM dan membutuhkan waktu sekitar 10 menit saja.",Cagar Alam,Bandung,4.5,20000,19
109,Kawah Rengganis Cibuni,"Kawasan Bandung Selatan khususnya Ciwidey memang sudah dikenal sebagai destinasi wisata alam dengan panorama yang indah dan udara yang sejuk, oleh karena itu masyarakat perkotaan memilih berwisata ke Ciwidey untuk â€œmelarikanâ€ diri dari kesibukan mereka di Kota. Wisata Ciwidey yang satu ini tidak kalah eksotis dari Kawah Putih, Rancaupas atau Situ Patenggang. Berdasarkan catatan Sejarah Kawah Rengganis, kawah ini sudah terbentuk akibat proses alam jutaan tahun lalu. Dimana berdasarkan penelitian, Kawah Rengganis ini terbentuk dari dahsyatnya letusan Gunung Sunda Purba, khususnya Gunung Patuha, yang juga menciptakan kawah lainnya, Kawah Putih. Bukti kedahsyatan letusannya bisa kita lihat sendiri, dimana hingga saat ini di Kawah Rengganis masih tercium begitu kuat aroma bau belerang dari areal kawahnya.",Cagar Alam,Bandung,4.3,5000,30
110,Pemandian Air Panas Cimanggu,Air Panas Cimanggu menjadi salah satu objek wisata di Bandung yang menawarkan berbagai macam daya tarik yang dijamin mengagumkan. Tempat wisata yang satu ini juga dikenal dengan nama Cimanggu Natural Hot Spring. Menikmati pemandian air panas dan juga hijaunya pemandangan di pemandian ini pastinya bisa membuat pikiran Anda lebih rileks. Pikiran rileks pastinya akan membuat Anda lebih bersemangat saat kembali bekerja.,Cagar Alam,Bandung,3.9,23000,18
111,Glamping Lakeside Rancabali,"Glamping Lakeside Rancabali menawarkan tempat berkemah mewah yang cocok untuk Anda jadikan destinasi liburan di akhir pekan. Seperti namanya, glamping atau glamour camping terdiri dari tenda yang berisikan tempat tidur nyaman, kamar mandi di dalam ruangan, pemanas, dan berbagai amenitas layaknya hotel berbintang. Berlokasi di Jalan Raya Ciwidey Rancabali KM 1, Glamping Lakeside berada di sekitar Situ Patenggang dan perkebunan teh yang subur. Tidak heran jika pemandangan dari glamping ini begitu apik dan Instagramable untuk berfoto.",Taman Hiburan,Bandung,4.4,30000,18
112,Bukit Jamur,"Bukit Jamur Ciwidey adalah satu dari sekian banyak pesona wisata alam yang berada di Kecamatan Ciwidey, Kabupaten Bandung, Provinsi Jawa barat. Bukit Jamur Ciwidey memang memiliki khas wisata Ciwidey, yaitu objek wisata di tengah hamparan kebun teh, dengan udara yang sangat sejuk.Suasana saat kabut turun di area perkebunan membuat suasana menjadi romatis. Bukit Jamur Ciwidey suasananya cocok juga bagi jomblowan â€“ jomblowati, banyak spot dengan latar alam yang indah, yang dimungkinkan mampu melupakan sang mantan.",Cagar Alam,Bandung,4.2,12000,27
113,Kebun Tanaman Obat Sari Alam,"Kebun Tanaman Obat Sari Alam lebih terkenal dengan sebutan wisata pengobatan herbal, karena disana terdapat banyak sekali tanaman yang dijadikan sebagai pengobatan alternative. Kebun Tanaman Obat Sari Alam lebih dikenal oleh orang Bandung dengan sebutan KTO Sari Alam. Lokasi: Jl. Raya Ciwidey bandung km 26 no 8 rt 1 rw 2 kampung Andir, Cukanggenteng, Kec. Pasirjambu, kab Bandung, Jawa Barat 40972",Cagar Alam,Bandung,4.9,15000,31
114,Happyfarm Ciwidey,"Objek wisata alam dan edukasi tengah banyak menjamur akhir-akhir ini. Selain De Ranch dan Farmhouse Lembang, ada juga Happy Farm Ciwidey di Bandung. Objek wisata ini masih terbilang baru, karena baru bulan Juni 2019 ini berdiri. Konsepnya hampir sama, wisata alam dan peternakan dengan unsur edukasi. Sangat cocok menjadi tujuan wisata keluarga, terutama untuk anak-anak. Dan semakin seru karena bermain di area outdoor dengan udara sejuk._x000D_",Cagar Alam,Bandung,4.2,15000,22
115,Saung Angklung Mang Udjo,"Saung Angklung Udjo (SAU) adalah suatu tempat yang merupakan tempat pertunjukan, pusat kerajinan tangan dari bambu, dan workshop instrumen musik dari bambu. Selain itu, SAU mempunyai tujuan sebagai laboratorium kependidikan dan pusat belajar untuk memelihara kebudayaan Sunda dan khususnya angklung. Didirikan pada tahun 1966 oleh Udjo Ngalagena dan istrinya Uum Sumiati, dengan maksud untuk melestarikan dan memelihara seni dan kebudayaan tradisional Sunda. Berlokasi di Jalan Padasuka 118, Bandung Timur Jawa Barat Indonesia. Dengan suasana tempat yang segar udaranya dan dikelilingi oleh pohon-pohon bambu, dari kerajinan bambu dan interior bambu sampai alat musik bambu. Disamping pertunjukan rutin setiap sore, Saung Angklung Udjo telah berkali-kali mengadakan pertunjukan khusus yang dilakukan pada pagi atau siang hari. Pertunjukkan tersebut tidak terbatas diadakan di lokasi Saung Angklung Udjo saja, tetapi berbagai undangan tampil di berbagai tempat baik di dalam maupun di luar negeri, pada bulan Agustus tahun 2000 di Sasana Budaya Ganesha ITB, Bandung, Saung Angklung Udjo mengadakan konser kolaborasi dengan penyanyi cilik yang dijuluki Shirley Temple-nya Indonesia, yaitu Sherina. Saung Angklung Udjo tidak terbatas pada hanya menjual seni pertunjukan saja, berbagai produk alat musik bambu tradisional (angklung, arumba, calung dan lainnya) dibuat dan dijual kepada para pembeli.",Budaya,Bandung,4.7,75000,27
116,Taman Kupu-Kupu Cihanjuang,"Taman Kupu-Kupu Cihanjuang Bandung ini,sepertinya telah menambah daftar objek wisata di Bandung yang unik dan menarik seperti halnya theme park Jendela Alam Bandung sekaligus bernilai edukasi yang sangat tinggi buat anak-anak dan sebagai sarana pembelajaran kepada anak kita bahwa pelestarian hewan langka dan cantik ini bisa diajarkan sejak usia dini.Dan faktanya, meskipun relatif masih anyar, namun salah satu tempat wisata keluarga di bandung ini nyatanya berhasil banyak menarik atensi atau perhatian wisatawan lokal kota Bandung maupun wisatawan luar daerah yang sedang liburan di Bandung. Lokasi Tempat wisatanya yang memang masih sangat rindang dan sejuk, ditunjang lagi dengan design interior taman kupu-kupu yang ditata sangat begitu detil dan menarik. Apabila melancong ke kawasan wisata yang satu ini, diharapkan anak-anak anda bisa memperoleh informasi tentang bagaimana proses metamorfosis seekor kupu-kupu mulai dari bibit larva hingga tumbuh besar secara sempura.",Cagar Alam,Bandung,4,10000,20
117,Taman Miniatur Kereta Api,"Salah satu wisata yang ramai di Bandung adalah Taman Miniatur Kereta Api yang berada di taman wisata Floating Market Lembang. Dengan menghadirkan pernak-pernik kereta api secara lengkap dan sangat detail membuat taman miniatur kereta api ini seolah-olah benar hidup. Tak heran jika objek wisata ini mengundang ribuan orang untuk menikmati sekaligus belajar banyak tentang perkeretaan api baik di Indonesia maupun dunia. Taman miniatur ini menyediakan toko suvenir yang menjual beragam jenis miniatur kendaraan mulai dari mobil, pesawat dan kereta api tentunya. Selain itu, bagi pengunjung yang ingin menikmati sajian aneka ragam kuliner bisa langsung ke Floating Market Lembang. Bagi pengunjung yang berasal dari luar kota dapat menginap di hotel-hotel yang berdekatan dengan lokasi taman miniatur. Jarak hotel dari taman miniatur sekitar 200 meter sampai 1 kilometer. Hotel-hotel tersebut antara lain Grand Hotel Lembang, Hotel Cemara Asri, Hotel Buah Sinuan dan Hotel Pesona Bamboe. Tarif sewa hotel menginap semalam antara Rp 200.000 hingga Rp 1.000.000.",Taman Hiburan,Bandung,4.4,15000,19
118,Gua Pawon,"Gua Pawon adalah sebuah gua alami dan situs purbakala yang terletak di Desa Gunung Masigit, Kecamatan Cipatat, Padalarang, Kabupaten Bandung Barat, atau sekitar 25 km arah barat Kota Bandung. Merupakan sebuah tempat yang penting bagi orang Sunda karena di sanalah tempat berkumpulnya sesepuh Sunda yang sekarang menduduki bagian barat pulau Jawa. Di sana pernah ditemukan kerangka manusia purba yang konon adalah nenek moyang orang Sunda (masih diteliti di balai Arkeolog Bandung)._x000D_",Cagar Alam,Bandung,4.5,10000,24
119,Bukit Gantole Cililin,Bukit Gantole Cililin atau yang dikenal juga dengan sebutan Venue Gantole merupakan sebuah kawasan wisata yang awalnya di buka untuk tujuan terselenggaranya Porda Jabar 2010 dan Pekan Olahraga Nasional 2016 Cabang olahraga Paralayang. Kawasan wisata ini menjadi buah bibir setelah menjadi tuan rumah penyelenggaraan PON 2016. Olahraga paralayang sendiri merupakan jenis olahraga yang di lakukan di atas lereng bukit atau gunung dengan hanya memanfaatkan angin sebagai sumber utama. Oleh karenanya lokasi Bukit Gantole Cililin yang berada di ketinggian 1063 Mdpl dengan hempasan angin yang kencang sangat pas untuk olahraga ini.,Cagar Alam,Bandung,4.4,0,24
120,Bandros City Tour,"Bandros atau Bus Wisata Bandung adalah bus wisata yang beroperasi di Bandung, Jawa Barat, Indonesia.Digunakan oleh wisatawan di Kota Bandung. Bus tersebut diresmikan oleh Wali Kota Bandung Ridwan Kamil pada malam tahun baru 2014, dan pada 18 Februari 2018 diumumkan bus wisata akan melayani kota Bandung. Seorang pemimpin tur lokal akan menemani turis di dalam bus. Bandros dikelola oleh dua pihak: Dinas Perhubungan Bandung (yang terkait dengan Anggaran Pendapatan dan Belanja Daerah) dan Mang Dudung yang merupakan bagian dari Tanggung Jawab Sosial Perusahaan. Bus memiliki kapasitas 22 orang. Ada enam bus yang dioperasikan oleh divisi Corporate Social Responsibility, dan 12 bus dioperasikan oleh Anggaran Pendapatan dan Belanja Daerah yang dikelola oleh BLUD UPT Dinas Perhubungan Kota Bandung.",Budaya,Bandung,4.4,40000,20
121,Kyotoku Floating Market,"Kyotoku Floating Market Bandung, sebuah wisata kekinian yang mengusung tema hal-hal yang berbau Jepang. Di tempat ini anda akan melihat bangunan-bangunan khas Jepang serta pemandangan bak di negeri sakura. Jepang merupakan salah satu negara selain Korea Selatan yang menjadi tujuan favorit turis dari Indonesia. Karena sudah menjadi negara maju, berkunjung ke Jepang membutuhkan biaya akomodasi yang tidak sedikit, tiket pesawat, serta proses pengurusan visa yang ribet. Tak perlu jauh-jauh pergi ke luar negeri, anda dapat menikmati berwisata dengan nuansa Jepang di Bandung. Pengelola wisata mendesain tempat ini mirip-mirip dengan Kyoto, salah satu wilayah di Jepang yang kental dengan budaya. Melihat bunga sakura yang menjadi ikon Jepangpun tak perlu menunggu bulan April, kawasan wisata ini di lengkapi dengan hiasan bunga sakura sehingga suasana Jepang terasa semakin kental. Bagi anda yang tertarik berfoto memakai kimono atau yukata dengan background ala Jepang untung dipajang di instagram. Berikut review singkat kawasan wisata ini.",Budaya,Bandung,4.5,175000,31
122,Rainbow Garden,"Rainbow Garden Harapan Indah salah satu taman rekreasi yang terutama cocok untuk keluarga. Berkonsep â€˜eat and playâ€™, Rainbow Garden Bekasi memadukan arena permainan anak dengan wisata kuliner. Berbagai wahana dan aktivitas tersedia di taman wisata penuh warna seluas 3000 m2 ini.",Cagar Alam,Bandung,4.6,20000,23
123,Kota Mini,"Destinasi yang sangat menarik bernuansa eropa lengkap dengan fasilitas publiknya membuat anda seolah-olah sedang berada di eropa. Ada rumah sakit, kantor polisi, box telepon, cafe-cafÃ© pinggir jalan, dan bangunan-bangunan klasik lainnya. Masih satu kompleks dengan Floating Market, tempat wisata ini menyajikan arsitektur eropa klasik yang begitu kental, dijamin anda akan enggan beranjak.",Taman Hiburan,Bandung,4.4,20000,24
124,Chingu Cafe Little Seoul,"Selain populer karena memiliki pemandangan yang indah dan hawa yang sejuk, Bandung juga menawarkan banyak destinasi wisata kreatif. Taman kota, museum, hingga tempat makan pun tidak luput dari keunikan dan daya tariknya masing-masing. Salah satunya adalah Little Seoul Bandung yang berada di area Chingu CafÃ©. Area luar ruangan di kafe ini disulap menyerupai suasana Jalan Dongdaemun di Seoul, Korea Selatan. Tanpa perlu jauh-jauh terbang ke Negeri Ginseng, pengunjung bisa merasakan suasana Seoul di sini._x000D_",Taman Hiburan,Bandung,4.5,50000,17
125,Desa Wisata Cai Ranca Upas,"Desa ini menawarkan suasana pedesaan yang alami dan keindahan alam yang memukau, dengan pemandangan sawah, perkebunan teh, dan udara segar yang menyejukkan.",Cagar Alam,Bandung,4.7,10000,22
126,Tempat Wisata Alam Cikole,"Taman Wisata Alam Cikole adalah tempat wisata alam yang terletak di Lembang, Bandung, Indonesia. Taman ini memiliki luas sekitar 110 hektar dan menawarkan berbagai macam kegiatan seperti camping, hiking, off-road, dan flying fox. Pengunjung dapat menikmati keindahan alam, bermain air, dan menikmati kuliner khas daerah.",Cagar Alam,Bandung,4.6,20000,22
